# PICASO 4.1 (Batalha et al. 2019, ApJ 878, 70): the MKO H (SVO MKO/NSFCam.H) intensity of Sonora Diamondback cloudy (Morley et al. 2024, ApJ 975, 59; [M/H] +0.5, f_sed 1) structures (https://doi.org/10.5281/zenodo.12735103) and the release's cloud optical properties,
# with the PICASO 4.0 correlated-k table sonora_2121grid_feh0.5_co0.46.hdf5 (https://doi.org/10.5281/zenodo.18636725), energy-weighted over PICASO's bins,
# at the emission cosines of its eight Gauss points; a and b are the least-squares quadratic law with the centre intensity free.
# t1100g31f1_m+0.5_co1.0: mu 0.9990 0.9895 0.9580 0.8906 0.7782 0.6186 0.4175 0.1877; I/I0 0.9997 0.9958 0.9829 0.9554 0.9096 0.8446 0.7629 0.6683; rms 0.00018
# t1100g100f1_m+0.5_co1.0: mu 0.9990 0.9895 0.9580 0.8906 0.7782 0.6186 0.4175 0.1877; I/I0 0.9997 0.9964 0.9854 0.9620 0.9230 0.8680 0.7991 0.7198; rms 0.00012
# t1200g31f1_m+0.5_co1.0: mu 0.9990 0.9895 0.9580 0.8906 0.7782 0.6186 0.4175 0.1877; I/I0 0.9997 0.9958 0.9830 0.9558 0.9109 0.8479 0.7697 0.6815; rms 0.00007
# t1200g100f1_m+0.5_co1.0: mu 0.9990 0.9895 0.9580 0.8906 0.7782 0.6186 0.4175 0.1877; I/I0 0.9997 0.9964 0.9854 0.9620 0.9234 0.8691 0.8016 0.7255; rms 0.00005
Teff	logg	a	b	Profile
K	[cgs]			
1100	3.5	0.406179	0.002521	t1100g31f1_m+0.5_co1.0
1100	4	0.346999	-0.002729	t1100g100f1_m+0.5_co1.0
1200	3.5	0.404658	-0.015464	t1200g31f1_m+0.5_co1.0
1200	4	0.347928	-0.012381	t1200g100f1_m+0.5_co1.0
