lambda	m(HR1865)
nm	mag
---	------
320	 0.971
321	 0.978
322	 1.008
323	 1.170
324	 1.086
325	 1.020
326	 0.908
327	 0.951
328	 1.079
329	 0.913
330	 0.925
331	 0.941
332	 0.942
333	 0.943
334	 1.016
335	 0.992
336	 0.975
337	 1.050
338	 0.968
339	 0.941
340	 0.873
341	 0.923
342	 0.910
343	 0.867
344	 0.960
345	 0.876
346	 0.952
347	 0.885
348	 0.964
349	 0.915
350	 0.974
351	 0.915
352	 0.875
353	 0.900
354	 0.844
355	 0.842
356	 0.836
357	 0.956
358	 0.898
359	 0.940
360	 0.875
361	 0.904
362	 0.854
363	 0.837
364	 0.839
365	 0.828
366	 0.759
367	 0.717
368	 0.648
369	 0.486
370	 0.406
371	 0.339
372	 0.173
373	 0.134
374	-0.067
375	 0.250
376	-0.165
377	 0.161
378	-0.450
379	-0.285
380	 0.006
381	-0.474
382	-0.472
383	-0.040
384	-0.091
385	-0.519
386	-0.537
387	-0.575
388	-0.386
389	 0.111
390	-0.411
391	-0.554
392	-0.555
393	 0.189
394	-0.312
395	-0.553
396	-0.390
397	 0.562
398	-0.476
399	-0.648
400	-0.599
401	-0.637
402	-0.678
403	-0.600
404	-0.682
405	-0.602
406	-0.646
407	-0.632
408	-0.568
409	-0.564
410	 0.010
411	-0.445
412	-0.585
413	-0.535
414	-0.633
415	-0.601
416	-0.579
417	-0.538
418	-0.494
419	-0.580
420	-0.524
421	-0.569
422	-0.549
423	-0.513
424	-0.548
425	-0.496
426	-0.549
427	-0.516
428	-0.553
429	-0.480
430	-0.432
431	-0.457
432	-0.472
433	-0.359
434	 0.212
435	-0.326
436	-0.504
437	-0.474
438	-0.473
439	-0.435
440	-0.415
441	-0.466
442	-0.411
443	-0.499
444	-0.461
445	-0.483
446	-0.438
447	-0.422
448	-0.451
449	-0.427
450	-0.485
451	-0.477
452	-0.421
453	-0.382
454	-0.453
455	-0.364
456	-0.394
457	-0.431
458	-0.348
459	-0.377
460	-0.432
461	-0.453
462	-0.402
463	-0.387
464	-0.433
465	-0.423
466	-0.399
467	-0.355
468	-0.427
469	-0.429
470	-0.397
471	-0.383
472	-0.407
473	-0.375
474	-0.385
475	-0.388
476	-0.331
477	-0.351
478	-0.351
479	-0.358
480	-0.336
481	-0.317
482	-0.326
483	-0.310
484	-0.285
485	-0.175
486	 0.353
487	-0.087
488	-0.215
489	-0.242
490	-0.273
491	-0.277
492	-0.201
493	-0.273
494	-0.288
495	-0.294
496	-0.265
497	-0.284
498	-0.232
499	-0.242
500	-0.230
501	-0.194
502	-0.161
503	-0.228
504	-0.201
505	-0.210
506	-0.231
507	-0.195
508	-0.183
509	-0.204
510	-0.167
511	-0.187
512	-0.172
513	-0.135
514	-0.129
515	-0.119
516	-0.152
517	-0.023
518	-0.127
519	-0.075
520	-0.081
521	-0.100
522	-0.136
523	-0.029
524	-0.094
525	-0.109
526	-0.066
527	-0.004
528	-0.035
529	-0.125
530	-0.096
531	-0.064
532	-0.047
533	-0.035
534	-0.028
535	-0.072
536	-0.061
537	-0.039
538	-0.044
539	-0.056
540	-0.001
541	 0.007
542	-0.002
543	-0.005
544	-0.045
545	-0.021
546	-0.023
547	-0.033
548	 0.008
549	-0.014
550	 0.020
551	 0.008
552	-0.016
553	 0.060
554	 0.008
555	 0.000
556	 0.003
557	 0.037
558	 0.020
559	 0.063
560	 0.049
561	 0.017
562	 0.049
563	 0.040
564	 0.063
565	 0.036
566	 0.110
567	 0.080
568	 0.079
569	 0.082
570	 0.064
571	 0.092
572	 0.074
573	 0.080
574	 0.083
575	 0.110
576	 0.101
577	 0.096
578	 0.101
579	 0.108
580	 0.099
581	 0.116
582	 0.105
583	 0.113
584	 0.114
585	 0.132
586	 0.136
587	 0.121
588	 0.139
589	 0.219
590	 0.170
591	 0.164
592	 0.157
593	 0.177
594	 0.159
595	 0.186
596	 0.175
597	 0.178
598	 0.196
599	 0.208
600	 0.200
601	 0.215
602	 0.227
603	 0.215
604	 0.213
605	 0.230
606	 0.226
607	 0.220
608	 0.234
609	 0.229
610	 0.234
611	 0.242
612	 0.259
613	 0.251
614	 0.294
615	 0.302
616	 0.315
617	 0.287
618	 0.284
619	 0.286
620	 0.275
621	 0.287
622	 0.288
623	 0.305
624	 0.344
625	 0.351
626	 0.302
627	 0.313
628	 0.353
629	 0.324
630	 0.341
631	 0.339
632	 0.350
633	 0.334
634	 0.340
635	 0.358
636	 0.339
637	 0.381
638	 0.353
639	 0.354
640	 0.355
641	 0.371
642	 0.387
643	 0.386
644	 0.384
645	 0.375
646	 0.427
647	 0.382
648	 0.397
649	 0.412
650	 0.412
651	 0.394
652	 0.414
653	 0.411
654	 0.429
655	 0.491
656	 0.915
657	 0.598
658	 0.458
659	 0.449
660	 0.437
661	 0.437
662	 0.426
663	 0.435
664	 0.434
665	 0.432
666	 0.446
667	 0.444
668	 0.462
669	 0.445
670	 0.460
671	 0.456
672	 0.481
673	 0.471
674	 0.472
675	 0.485
676	 0.485
677	 0.480
678	 0.489
679	 0.495
680	 0.498
681	 0.507
682	 0.506
683	 0.519
684	 0.526
685	 0.515
686	 0.528
687	 0.878
688	 0.633
689	 0.672
690	 0.641
691	 0.607
692	 0.590
693	 0.575
694	 0.581
695	 0.580
696	 0.572
697	 0.557
698	 0.576
699	 0.573
700	 0.601
701	 0.573
702	 0.583
703	 0.572
704	 0.585
705	 0.579
706	 0.590
707	 0.594
708	 0.596
709	 0.599
710	 0.601
711	 0.623
712	 0.617
713	 0.615
714	 0.609
715	 0.626
716	 0.625
717	 0.694
718	 0.719
719	 0.742
720	 0.739
721	 0.673
722	 0.679
723	 0.705
724	 0.716
725	 0.719
726	 0.698
727	 0.696
728	 0.723
729	 0.738
730	 0.708
731	 0.737
732	 0.713
733	 0.689
734	 0.665
735	 0.687
736	 0.694
737	 0.694
738	 0.701
739	 0.729
740	 0.707
741	 0.718
742	 0.733
743	 0.706
744	 0.730
745	 0.745
746	 0.740
747	 0.746
748	 0.737
749	 0.731
750	 0.739
751	 0.757
752	 0.754
753	 0.759
754	 0.734
755	 0.754
756	 0.757
757	 0.752
758	 0.753
759	 0.811
760	 1.889
761	 1.911
762	 1.103
763	 1.446
764	 1.301
765	 1.067
766	 0.969
767	 0.871
768	 0.830
769	 0.805
770	 0.807
771	 0.808
772	 0.785
773	 0.796
774	 0.799
775	 0.810
776	 0.805
777	 0.840
778	 0.906
779	 0.821
780	 0.839
781	 0.831
782	 0.823
783	 0.834
784	 0.832
785	 0.841
786	 0.844
787	 0.838
788	 0.874
789	 0.853
790	 0.892
791	 0.865
792	 0.868
793	 0.876
794	 0.876
795	 0.890
796	 0.887
797	 0.878
798	 0.882
799	 0.880
800	 0.903
801	 0.902
802	 0.897
803	 0.905
804	 0.902
805	 0.919
806	 0.904
807	 0.919
808	 0.909
809	 0.926
810	 0.929
811	 0.915
812	 0.936
813	 0.951
814	 0.982
815	 0.988
816	 1.017
817	 1.038
818	 1.055
819	 1.075
820	 1.066
821	 0.972
822	 1.038
823	 1.181
824	 1.017
825	 1.028
826	 1.032
827	 0.984
828	 1.058
829	 1.043
830	 1.027
831	 1.030
832	 1.042
833	 1.029
834	 1.067
835	 1.036
836	 1.044
837	 0.966
838	 1.059
839	 0.979
840	 1.037
841	 0.951
842	 1.105
843	 0.922
844	 1.092
845	 1.064
846	 0.915
847	 1.150
848	 0.968
849	 0.904
850	 1.124
851	 1.195
852	 0.962
853	 0.935
854	 1.033
855	 1.626
856	 1.047
857	 0.997
858	 0.984
859	 1.040
860	 1.242
861	 1.131
862	 0.996
863	 0.955
864	 0.954
865	 0.955
866	 1.046
867	 1.615
868	 1.092
869	 1.136
870	 1.079
871	
872	
873	
874	
875	
876	
877	
878	
879	
880	
