lambda	m(HR6056)
nm	mag
---	------
320	
321	
322	
323	
324	
325	
326	
327	
328	
329	
330	
331	
332	
333	
334	
335	
336	
337	
338	
339	
340	
341	
342	
343	
344	
345	
346	
347	
348	
349	
350	
351	
352	
353	
354	
355	
356	
357	
358	
359	
360	
361	
362	
363	
364	
365	
366	
367	
368	
369	
370	
371	
372	
373	
374	
375	 3.558
376	 3.217
377	 3.061
378	 2.814
379	 3.008
380	 3.179
381	 2.975
382	 3.425
383	 3.482
384	 3.415
385	 3.133
386	 3.307
387	 3.127
388	 3.204
389	 3.116
390	 2.992
391	 2.926
392	 2.957
393	 3.437
394	 3.587
395	 3.005
396	 2.950
397	 3.693
398	 2.844
399	 2.470
400	 2.284
401	 2.213
402	 2.020
403	 2.102
404	 2.102
405	 2.125
406	 2.013
407	 2.123
408	 2.011
409	 1.703
410	 1.939
411	 1.842
412	 1.896
413	 1.854
414	 1.895
415	 2.016
416	 1.774
417	 1.854
418	 1.908
419	 1.758
420	 1.877
421	 1.724
422	 1.756
423	 2.487
424	 1.785
425	 1.524
426	 1.823
427	 1.550
428	 1.686
429	 1.750
430	 1.644
431	 1.747
432	 1.208
433	 1.337
434	 1.219
435	 1.131
436	 1.133
437	 1.043
438	 1.204
439	 1.439
440	 1.086
441	 1.324
442	 1.075
443	 1.061
444	 1.008
445	 0.883
446	 1.153
447	 0.998
448	 0.803
449	 0.766
450	 0.857
451	 0.623
452	 0.702
453	 0.936
454	 0.866
455	 0.734
456	 0.669
457	 0.632
458	 0.625
459	 0.624
460	 0.690
461	 0.552
462	 0.440
463	 0.496
464	 0.667
465	 0.713
466	 0.505
467	 0.654
468	 0.598
469	 0.564
470	 0.512
471	 0.545
472	 0.488
473	 0.559
474	 0.493
475	 0.446
476	 0.524
477	 0.680
478	 0.593
479	 0.668
480	 0.500
481	 0.561
482	 0.502
483	 0.557
484	 0.514
485	 0.525
486	 0.607
487	 0.569
488	 0.502
489	 0.573
490	 0.345
491	 0.372
492	 0.430
493	 0.287
494	 0.402
495	 0.221
496	 0.531
497	 0.522
498	 0.480
499	 0.471
500	 0.496
501	 0.568
502	 0.596
503	 0.440
504	 0.560
505	 0.403
506	 0.301
507	 0.481
508	 0.501
509	 0.412
510	 0.463
511	 0.515
512	 0.392
513	 0.543
514	 0.417
515	 0.538
516	 0.356
517	 0.896
518	 0.773
519	 0.589
520	 0.462
521	 0.770
522	 0.300
523	 0.382
524	 0.232
525	 0.375
526	 0.252
527	 0.539
528	 0.200
529	 0.108
530	 0.256
531	 0.054
532	 0.111
533	 0.299
534	 0.148
535	 0.145
536	-0.017
537	 0.147
538	 0.015
539	 0.106
540	 0.155
541	 0.222
542	-0.012
543	 0.062
544	 0.048
545	 0.161
546	 0.217
547	 0.136
548	 0.188
549	 0.089
550	 0.115
551	 0.152
552	 0.096
553	 0.065
554	 0.032
555	 0.000
556	 0.051
557	 0.066
558	 0.023
559	 0.143
560	 0.117
561	 0.036
562	 0.119
563	 0.109
564	 0.108
565	 0.061
566	 0.084
567	 0.074
568	-0.012
569	-0.019
570	 0.021
571	 0.077
572	-0.050
573	-0.024
574	-0.050
575	-0.084
576	-0.063
577	-0.105
578	-0.028
579	-0.013
580	-0.148
581	-0.131
582	-0.097
583	-0.139
584	-0.119
585	-0.054
586	 0.005
587	-0.007
588	 0.034
589	 0.286
590	 0.248
591	 0.055
592	 0.076
593	 0.025
594	 0.026
595	-0.009
596	 0.012
597	-0.051
598	-0.018
599	-0.057
600	-0.075
601	-0.058
602	-0.062
603	-0.141
604	-0.171
605	-0.215
606	-0.159
607	-0.211
608	-0.190
609	-0.169
610	-0.193
611	-0.197
612	-0.164
613	-0.205
614	-0.115
615	-0.189
616	 0.022
617	 0.051
618	-0.013
619	 0.161
620	 0.061
621	 0.038
622	 0.213
623	 0.248
624	 0.193
625	 0.127
626	 0.175
627	 0.060
628	 0.078
629	-0.063
630	 0.010
631	-0.085
632	-0.087
633	-0.167
634	-0.157
635	-0.184
636	-0.047
637	-0.207
638	-0.211
639	-0.207
640	-0.236
641	-0.243
642	-0.220
643	-0.235
644	-0.275
645	-0.222
646	-0.291
647	-0.307
648	-0.240
649	-0.222
650	-0.109
651	-0.244
652	-0.250
653	-0.268
654	-0.311
655	-0.236
656	-0.131
657	-0.243
658	-0.251
659	-0.264
660	-0.266
661	-0.225
662	-0.295
663	-0.223
664	-0.255
665	-0.220
666	-0.186
667	-0.222
668	-0.162
669	-0.174
670	-0.184
671	-0.201
672	-0.081
673	-0.144
674	-0.141
675	-0.090
676	-0.182
677	-0.163
678	-0.213
679	-0.136
680	-0.192
681	-0.208
682	-0.209
683	-0.208
684	-0.221
685	-0.236
686	-0.190
687	-0.016
688	-0.118
689	-0.164
690	-0.196
691	-0.256
692	-0.286
693	-0.271
694	-0.302
695	-0.313
696	-0.354
697	-0.378
698	-0.322
699	-0.363
700	-0.364
701	-0.375
702	-0.367
703	-0.395
704	-0.421
705	-0.435
706	-0.231
707	-0.231
708	-0.316
709	-0.110
710	-0.115
711	-0.148
712	-0.204
713	 0.052
714	-0.026
715	-0.063
716	-0.110
717	-0.089
718	-0.075
719	-0.033
720	-0.073
721	-0.093
722	-0.214
723	-0.252
724	-0.196
725	-0.250
726	-0.269
727	-0.276
728	-0.264
729	-0.273
730	-0.342
731	-0.327
732	-0.335
733	-0.371
734	-0.428
735	-0.414
736	-0.353
737	-0.440
738	-0.464
739	-0.405
740	-0.452
741	-0.460
742	-0.420
743	-0.480
744	-0.466
745	-0.484
746	-0.453
747	-0.481
748	-0.475
749	-0.468
750	-0.473
751	-0.474
752	-0.505
753	-0.490
754	-0.509
755	-0.505
756	-0.502
757	-0.507
758	-0.512
759	-0.454
760	 0.382
761	 0.811
762	-0.081
763	 0.184
764	 0.118
765	-0.063
766	-0.162
767	-0.285
768	-0.399
769	-0.423
770	-0.408
771	-0.420
772	-0.422
773	-0.440
774	-0.468
775	-0.373
776	-0.445
777	-0.430
778	-0.436
779	-0.404
780	-0.426
781	-0.451
782	-0.474
783	-0.445
784	-0.415
785	-0.453
786	-0.458
787	-0.463
788	-0.450
789	-0.464
790	-0.419
791	-0.420
792	-0.413
793	-0.428
794	-0.411
795	-0.385
796	-0.424
797	-0.448
798	-0.443
799	-0.444
800	-0.412
801	-0.463
802	-0.481
803	-0.386
804	-0.496
805	-0.426
806	-0.483
807	-0.427
808	-0.450
809	-0.460
810	-0.423
811	-0.446
812	-0.396
813	-0.456
814	-0.419
815	-0.391
816	-0.395
817	-0.354
818	-0.391
819	-0.376
820	-0.342
821	-0.424
822	-0.431
823	-0.333
824	-0.408
825	-0.455
826	-0.387
827	-0.468
828	-0.393
829	-0.397
830	-0.399
831	-0.350
832	-0.421
833	-0.389
834	-0.390
835	-0.388
836	-0.422
837	-0.393
838	-0.420
839	-0.343
840	-0.449
841	-0.481
842	-0.425
843	-0.402
844	-0.355
845	-0.433
846	-0.434
847	-0.385
848	-0.473
849	-0.457
850	-0.199
851	-0.435
852	-0.328
853	-0.390
854	-0.249
855	-0.048
856	-0.370
857	-0.365
858	-0.349
859	-0.344
860	-0.344
861	-0.430
862	-0.420
863	-0.463
864	-0.483
865	-0.495
866	-0.456
867	-0.074
868	-0.409
869	-0.423
870	-0.400
871	
872	
873	
874	
875	
876	
877	
878	
879	
880	
