lambda	m(HR2943)
nm	mag
---	------
320	 0.416
321	 0.409
322	 0.437
323	 0.584
324	 0.446
325	 0.458
326	 0.322
327	 0.315
328	 0.441
329	 0.335
330	 0.265
331	 0.363
332	 0.342
333	 0.319
334	 0.411
335	 0.349
336	 0.409
337	 0.466
338	 0.411
339	 0.376
340	 0.321
341	 0.403
342	 0.360
343	 0.341
344	 0.436
345	 0.388
346	 0.405
347	 0.369
348	 0.435
349	 0.420
350	 0.407
351	 0.404
352	 0.367
353	 0.403
354	 0.307
355	 0.298
356	 0.299
357	 0.449
358	 0.420
359	 0.467
360	 0.322
361	 0.423
362	 0.394
363	 0.341
364	 0.330
365	 0.326
366	 0.231
367	 0.256
368	 0.284
369	 0.262
370	 0.216
371	 0.303
372	 0.220
373	 0.204
374	 0.206
375	 0.333
376	 0.085
377	 0.230
378	-0.054
379	 0.044
380	 0.240
381	-0.063
382	-0.003
383	 0.281
384	 0.317
385	-0.095
386	-0.099
387	-0.119
388	-0.046
389	 0.292
390	-0.048
391	-0.137
392	-0.142
393	 0.392
394	 0.260
395	-0.123
396	-0.046
397	 0.695
398	-0.087
399	-0.234
400	-0.265
401	-0.271
402	-0.336
403	-0.285
404	-0.350
405	-0.293
406	-0.259
407	-0.287
408	-0.218
409	-0.243
410	 0.104
411	-0.155
412	-0.270
413	-0.246
414	-0.321
415	-0.321
416	-0.315
417	-0.273
418	-0.265
419	-0.316
420	-0.264
421	-0.336
422	-0.301
423	-0.247
424	-0.271
425	-0.279
426	-0.271
427	-0.267
428	-0.291
429	-0.216
430	-0.144
431	-0.145
432	-0.257
433	-0.170
434	 0.178
435	-0.115
436	-0.258
437	-0.275
438	-0.252
439	-0.232
440	-0.252
441	-0.289
442	-0.273
443	-0.303
444	-0.277
445	-0.293
446	-0.222
447	-0.264
448	-0.272
449	-0.288
450	-0.305
451	-0.335
452	-0.287
453	-0.224
454	-0.281
455	-0.234
456	-0.262
457	-0.279
458	-0.254
459	-0.244
460	-0.257
461	-0.289
462	-0.277
463	-0.271
464	-0.268
465	-0.242
466	-0.269
467	-0.213
468	-0.268
469	-0.269
470	-0.233
471	-0.235
472	-0.267
473	-0.229
474	-0.243
475	-0.236
476	-0.209
477	-0.204
478	-0.240
479	-0.209
480	-0.225
481	-0.210
482	-0.222
483	-0.191
484	-0.165
485	-0.112
486	 0.254
487	 0.010
488	-0.120
489	-0.109
490	-0.190
491	-0.162
492	-0.131
493	-0.181
494	-0.159
495	-0.190
496	-0.178
497	-0.184
498	-0.146
499	-0.156
500	-0.152
501	-0.123
502	-0.105
503	-0.152
504	-0.093
505	-0.134
506	-0.177
507	-0.132
508	-0.102
509	-0.140
510	-0.113
511	-0.117
512	-0.128
513	-0.083
514	-0.076
515	-0.091
516	-0.108
517	 0.036
518	-0.066
519	-0.052
520	-0.062
521	-0.069
522	-0.081
523	-0.024
524	-0.075
525	-0.085
526	-0.051
527	 0.014
528	-0.036
529	-0.101
530	-0.055
531	-0.072
532	-0.046
533	-0.018
534	-0.035
535	-0.047
536	-0.068
537	-0.013
538	-0.035
539	-0.032
540	 0.004
541	-0.004
542	-0.022
543	-0.010
544	-0.046
545	-0.017
546	-0.016
547	-0.037
548	 0.000
549	-0.021
550	-0.002
551	-0.005
552	-0.019
553	 0.014
554	-0.006
555	 0.000
556	 0.006
557	 0.015
558	 0.009
559	 0.067
560	 0.050
561	 0.006
562	 0.038
563	 0.022
564	 0.043
565	 0.023
566	 0.067
567	 0.038
568	 0.056
569	 0.058
570	 0.054
571	 0.081
572	 0.039
573	 0.053
574	 0.053
575	 0.072
576	 0.078
577	 0.067
578	 0.069
579	 0.078
580	 0.067
581	 0.072
582	 0.067
583	 0.053
584	 0.061
585	 0.081
586	 0.107
587	 0.068
588	 0.089
589	 0.150
590	 0.105
591	 0.106
592	 0.094
593	 0.108
594	 0.105
595	 0.121
596	 0.108
597	 0.115
598	 0.134
599	 0.125
600	 0.139
601	 0.147
602	 0.172
603	 0.146
604	 0.139
605	 0.144
606	 0.155
607	 0.146
608	 0.163
609	 0.159
610	 0.181
611	 0.166
612	 0.181
613	 0.172
614	 0.216
615	 0.195
616	 0.224
617	 0.212
618	 0.192
619	 0.209
620	 0.198
621	 0.200
622	 0.216
623	 0.218
624	 0.231
625	 0.232
626	 0.216
627	 0.215
628	 0.269
629	 0.232
630	 0.256
631	 0.241
632	 0.248
633	 0.238
634	 0.251
635	 0.241
636	 0.248
637	 0.241
638	 0.249
639	 0.247
640	 0.265
641	 0.275
642	 0.274
643	 0.271
644	 0.272
645	 0.263
646	 0.295
647	 0.273
648	 0.272
649	 0.286
650	 0.302
651	 0.271
652	 0.292
653	 0.287
654	 0.304
655	 0.359
656	 0.702
657	 0.429
658	 0.336
659	 0.329
660	 0.310
661	 0.312
662	 0.298
663	 0.315
664	 0.316
665	 0.301
666	 0.323
667	 0.314
668	 0.326
669	 0.318
670	 0.328
671	 0.317
672	 0.350
673	 0.325
674	 0.328
675	 0.348
676	 0.355
677	 0.360
678	 0.351
679	 0.362
680	 0.364
681	 0.369
682	 0.365
683	 0.377
684	 0.388
685	 0.383
686	 0.385
687	 0.748
688	 0.504
689	 0.538
690	 0.507
691	 0.460
692	 0.443
693	 0.417
694	 0.423
695	 0.421
696	 0.408
697	 0.404
698	 0.420
699	 0.417
700	 0.431
701	 0.423
702	 0.436
703	 0.424
704	 0.416
705	 0.427
706	 0.423
707	 0.435
708	 0.446
709	 0.442
710	 0.438
711	 0.465
712	 0.462
713	 0.453
714	 0.445
715	 0.468
716	 0.463
717	 0.512
718	 0.539
719	 0.567
720	 0.551
721	 0.504
722	 0.498
723	 0.508
724	 0.538
725	 0.539
726	 0.519
727	 0.510
728	 0.536
729	 0.565
730	 0.523
731	 0.533
732	 0.523
733	 0.520
734	 0.500
735	 0.514
736	 0.522
737	 0.508
738	 0.515
739	 0.546
740	 0.522
741	 0.547
742	 0.550
743	 0.523
744	 0.532
745	 0.548
746	 0.543
747	 0.546
748	 0.543
749	 0.550
750	 0.558
751	 0.573
752	 0.558
753	 0.569
754	 0.554
755	 0.555
756	 0.570
757	 0.561
758	 0.561
759	 0.625
760	 1.780
761	 1.845
762	 0.930
763	 1.305
764	 1.147
765	 0.914
766	 0.795
767	 0.717
768	 0.632
769	 0.616
770	 0.606
771	 0.591
772	 0.594
773	 0.599
774	 0.595
775	 0.629
776	 0.610
777	 0.621
778	 0.642
779	 0.625
780	 0.634
781	 0.621
782	 0.615
783	 0.631
784	 0.640
785	 0.629
786	 0.636
787	 0.630
788	 0.651
789	 0.641
790	 0.651
791	 0.649
792	 0.655
793	 0.670
794	 0.673
795	 0.676
796	 0.668
797	 0.668
798	 0.667
799	 0.659
800	 0.691
801	 0.680
802	 0.679
803	 0.695
804	 0.684
805	 0.708
806	 0.680
807	 0.689
808	 0.684
809	 0.700
810	 0.704
811	 0.700
812	 0.706
813	 0.715
814	 0.744
815	 0.757
816	 0.773
817	 0.793
818	 0.788
819	 0.803
820	 0.832
821	 0.730
822	 0.780
823	 0.880
824	 0.765
825	 0.766
826	 0.788
827	 0.757
828	 0.810
829	 0.793
830	 0.794
831	 0.799
832	 0.797
833	 0.792
834	 0.826
835	 0.790
836	 0.786
837	 0.782
838	 0.780
839	 0.799
840	 0.783
841	 0.780
842	 0.787
843	 0.793
844	 0.798
845	 0.827
846	 0.791
847	 0.814
848	 0.804
849	 0.808
850	 0.923
851	 0.854
852	 0.874
853	 0.865
854	 0.916
855	 1.169
856	 0.922
857	 0.901
858	 0.913
859	 0.928
860	 0.963
861	 0.934
862	 0.915
863	 0.895
864	 0.882
865	 0.889
866	 0.915
867	 1.180
868	 0.962
869	 0.979
870	 1.010
871	
872	
873	
874	
875	
876	
877	
878	
879	
880	
