lambda	m(HR3185)
nm	mag
---	------
320	 0.561
321	 0.851
322	 0.788
323	 0.984
324	 0.792
325	 0.759
326	 0.656
327	 0.799
328	 0.727
329	 0.588
330	 0.583
331	 0.598
332	 0.681
333	 0.698
334	 0.658
335	 0.619
336	 0.711
337	 0.713
338	 0.697
339	 0.631
340	 0.626
341	 0.722
342	 0.677
343	 0.611
344	 0.758
345	 0.672
346	 0.731
347	 0.683
348	 0.774
349	 0.765
350	 0.721
351	 0.713
352	 0.685
353	 0.664
354	 0.553
355	 0.543
356	 0.573
357	 0.735
358	 0.683
359	 0.709
360	 0.604
361	 0.690
362	 0.664
363	 0.617
364	 0.592
365	 0.566
366	 0.476
367	 0.529
368	 0.591
369	 0.512
370	 0.475
371	 0.477
372	 0.431
373	 0.485
374	 0.391
375	 0.511
376	 0.302
377	 0.434
378	 0.092
379	 0.356
380	 0.338
381	 0.090
382	 0.123
383	 0.499
384	 0.365
385	-0.011
386	-0.075
387	-0.093
388	 0.019
389	 0.403
390	 0.042
391	-0.062
392	-0.068
393	 0.615
394	 0.180
395	-0.013
396	 0.095
397	 0.713
398	-0.030
399	-0.162
400	-0.183
401	-0.251
402	-0.308
403	-0.240
404	-0.314
405	-0.262
406	-0.228
407	-0.236
408	-0.111
409	-0.199
410	 0.181
411	-0.129
412	-0.218
413	-0.153
414	-0.321
415	-0.278
416	-0.296
417	-0.226
418	-0.198
419	-0.298
420	-0.181
421	-0.300
422	-0.275
423	-0.229
424	-0.239
425	-0.246
426	-0.270
427	-0.252
428	-0.293
429	-0.201
430	-0.127
431	-0.203
432	-0.258
433	-0.152
434	 0.260
435	-0.124
436	-0.298
437	-0.263
438	-0.274
439	-0.227
440	-0.234
441	-0.274
442	-0.261
443	-0.260
444	-0.256
445	-0.273
446	-0.169
447	-0.244
448	-0.255
449	-0.258
450	-0.326
451	-0.359
452	-0.266
453	-0.181
454	-0.301
455	-0.188
456	-0.256
457	-0.300
458	-0.216
459	-0.221
460	-0.248
461	-0.303
462	-0.271
463	-0.273
464	-0.269
465	-0.228
466	-0.273
467	-0.179
468	-0.274
469	-0.276
470	-0.226
471	-0.204
472	-0.284
473	-0.217
474	-0.248
475	-0.240
476	-0.209
477	-0.242
478	-0.263
479	-0.229
480	-0.246
481	-0.219
482	-0.216
483	-0.201
484	-0.153
485	-0.056
486	 0.364
487	 0.052
488	-0.088
489	-0.086
490	-0.172
491	-0.154
492	-0.056
493	-0.171
494	-0.142
495	-0.195
496	-0.192
497	-0.170
498	-0.080
499	-0.152
500	-0.110
501	-0.072
502	-0.068
503	-0.149
504	-0.087
505	-0.136
506	-0.198
507	-0.126
508	-0.061
509	-0.162
510	-0.091
511	-0.123
512	-0.116
513	-0.066
514	-0.046
515	-0.063
516	-0.102
517	 0.069
518	-0.070
519	-0.010
520	-0.010
521	-0.039
522	-0.066
523	 0.028
524	-0.069
525	-0.069
526	-0.039
527	 0.070
528	-0.011
529	-0.123
530	-0.058
531	-0.088
532	-0.052
533	-0.006
534	-0.017
535	-0.047
536	-0.065
537	 0.010
538	-0.037
539	-0.030
540	 0.035
541	 0.050
542	-0.005
543	 0.015
544	-0.041
545	-0.007
546	-0.006
547	-0.030
548	 0.053
549	-0.021
550	 0.015
551	 0.036
552	-0.020
553	 0.035
554	 0.007
555	 0.000
556	 0.018
557	 0.040
558	 0.018
559	 0.096
560	 0.078
561	-0.002
562	 0.051
563	 0.019
564	 0.063
565	 0.033
566	 0.107
567	 0.041
568	 0.058
569	 0.072
570	 0.057
571	 0.106
572	 0.034
573	 0.028
574	 0.035
575	 0.070
576	 0.061
577	 0.037
578	 0.070
579	 0.066
580	 0.056
581	 0.074
582	 0.070
583	 0.063
584	 0.071
585	 0.100
586	 0.142
587	 0.087
588	 0.100
589	 0.174
590	 0.155
591	 0.115
592	 0.114
593	 0.130
594	 0.106
595	 0.134
596	 0.116
597	 0.106
598	 0.145
599	 0.149
600	 0.139
601	 0.161
602	 0.174
603	 0.153
604	 0.152
605	 0.160
606	 0.165
607	 0.161
608	 0.182
609	 0.178
610	 0.199
611	 0.181
612	 0.198
613	 0.185
614	 0.270
615	 0.230
616	 0.268
617	 0.248
618	 0.218
619	 0.232
620	 0.209
621	 0.209
622	 0.235
623	 0.242
624	 0.251
625	 0.281
626	 0.241
627	 0.234
628	 0.269
629	 0.237
630	 0.282
631	 0.245
632	 0.284
633	 0.248
634	 0.278
635	 0.272
636	 0.284
637	 0.282
638	 0.270
639	 0.269
640	 0.287
641	 0.315
642	 0.325
643	 0.300
644	 0.301
645	 0.304
646	 0.345
647	 0.313
648	 0.315
649	 0.336
650	 0.364
651	 0.315
652	 0.345
653	 0.344
654	 0.351
655	 0.420
656	 0.756
657	 0.517
658	 0.390
659	 0.387
660	 0.357
661	 0.353
662	 0.342
663	 0.360
664	 0.357
665	 0.356
666	 0.363
667	 0.360
668	 0.386
669	 0.362
670	 0.373
671	 0.386
672	 0.400
673	 0.380
674	 0.395
675	 0.418
676	 0.401
677	 0.414
678	 0.401
679	 0.409
680	 0.426
681	 0.414
682	 0.410
683	 0.425
684	 0.451
685	 0.424
686	 0.452
687	 0.753
688	 0.536
689	 0.557
690	 0.539
691	 0.499
692	 0.480
693	 0.485
694	 0.475
695	 0.480
696	 0.468
697	 0.447
698	 0.490
699	 0.490
700	 0.511
701	 0.497
702	 0.516
703	 0.486
704	 0.509
705	 0.492
706	 0.501
707	 0.509
708	 0.494
709	 0.513
710	 0.511
711	 0.528
712	 0.534
713	 0.531
714	 0.516
715	 0.554
716	 0.544
717	 0.633
718	 0.667
719	 0.710
720	 0.686
721	 0.602
722	 0.609
723	 0.635
724	 0.651
725	 0.649
726	 0.641
727	 0.623
728	 0.639
729	 0.698
730	 0.651
731	 0.668
732	 0.620
733	 0.633
734	 0.590
735	 0.612
736	 0.629
737	 0.613
738	 0.621
739	 0.668
740	 0.625
741	 0.672
742	 0.675
743	 0.632
744	 0.627
745	 0.665
746	 0.642
747	 0.625
748	 0.659
749	 0.643
750	 0.655
751	 0.681
752	 0.656
753	 0.674
754	 0.642
755	 0.657
756	 0.660
757	 0.667
758	 0.655
759	 0.724
760	 1.750
761	 1.682
762	 1.043
763	 1.296
764	 1.150
765	 0.976
766	 0.878
767	 0.786
768	 0.747
769	 0.730
770	 0.736
771	 0.732
772	 0.720
773	 0.722
774	 0.726
775	 0.753
776	 0.720
777	 0.749
778	 0.786
779	 0.745
780	 0.779
781	 0.762
782	 0.757
783	 0.764
784	 0.779
785	 0.789
786	 0.779
787	 0.779
788	 0.791
789	 0.782
790	 0.820
791	 0.791
792	 0.805
793	 0.828
794	 0.810
795	 0.826
796	 0.797
797	 0.792
798	 0.779
799	 0.794
800	 0.837
801	 0.817
802	 0.817
803	 0.842
804	 0.827
805	 0.857
806	 0.831
807	 0.817
808	 0.812
809	 0.847
810	 0.854
811	 0.837
812	 0.843
813	 0.866
814	 0.900
815	 0.937
816	 0.968
817	 0.942
818	 1.009
819	 0.995
820	 1.034
821	 0.906
822	 0.965
823	 1.160
824	 0.945
825	 0.937
826	 0.977
827	 0.918
828	 1.010
829	 0.987
830	 0.976
831	 0.973
832	 0.996
833	 0.993
834	 1.016
835	 0.967
836	 0.973
837	 0.942
838	 0.950
839	 0.972
840	 0.934
841	 0.940
842	 0.948
843	 0.927
844	 0.969
845	 0.989
846	 0.943
847	 1.013
848	 0.968
849	 0.985
850	 1.185
851	 1.050
852	 1.064
853	 1.057
854	 1.168
855	 1.286
856	 1.104
857	 1.085
858	 1.090
859	 1.143
860	 1.241
861	 1.037
862	 1.006
863	 0.969
864	 0.969
865	 1.002
866	 1.048
867	 1.267
868	 1.040
869	 1.062
870	 1.032
871	 1.021
872	 1.083
873	 1.096
874	 1.150
875	 1.247
876	 1.276
877	 1.159
878	 1.173
879	 1.151
880	 1.166
