wavelength_um,counts
4.643598079681396484e+00,2.761297187500000000e+05
4.744056224822998047e+00,3.056613750000000000e+05
4.833001613616943359e+00,3.292974375000000000e+05
4.923554897308349609e+00,3.424925625000000000e+05
5.011654853820800781e+00,3.511248750000000000e+05
5.094055652618408203e+00,3.486125312500000000e+05
5.170771598815917969e+00,3.464731250000000000e+05
5.242632389068603516e+00,3.398588125000000000e+05
5.310467720031738281e+00,3.284188437500000000e+05
5.375106811523437500e+00,3.193721875000000000e+05
5.437379360198974609e+00,3.053831875000000000e+05
5.497989177703857422e+00,2.921594062500000000e+05
5.557135581970214844e+00,2.815099375000000000e+05
5.614892959594726562e+00,2.695722187500000000e+05
5.671335220336914062e+00,2.618536875000000000e+05
5.726535320281982422e+00,2.493033593750000000e+05
5.780567169189453125e+00,2.448923125000000000e+05
5.833505153656005859e+00,2.339799687500000000e+05
5.885422706604003906e+00,2.294991718750000000e+05
5.936393260955810547e+00,2.213804687500000000e+05
5.986491203308105469e+00,2.175418437500000000e+05
6.035789966583251953e+00,2.107167812500000000e+05
6.084362983703613281e+00,2.072147500000000000e+05
6.132275581359863281e+00,2.008242187500000000e+05
6.179552078247070312e+00,1.981838437500000000e+05
6.226208686828613281e+00,1.926693125000000000e+05
6.272261619567871094e+00,1.892180625000000000e+05
6.317727088928222656e+00,1.858119375000000000e+05
6.362620353698730469e+00,1.805605937500000000e+05
6.406957626342773438e+00,1.760930937500000000e+05
6.450755119323730469e+00,1.744905625000000000e+05
6.494029045104980469e+00,1.713079531250000000e+05
6.536794185638427734e+00,1.693390000000000000e+05
6.579067707061767578e+00,1.667370312500000000e+05
6.620864868164062500e+00,1.637358750000000000e+05
6.662201404571533203e+00,1.606208125000000000e+05
6.703094005584716797e+00,1.558992500000000000e+05
6.743558406829833984e+00,1.534037968750000000e+05
6.783610343933105469e+00,1.503498906250000000e+05
6.823265552520751953e+00,1.461812187500000000e+05
6.862540245056152344e+00,1.430556875000000000e+05
6.901450634002685547e+00,1.388123437500000000e+05
6.940012454986572266e+00,1.370625625000000000e+05
6.978241443634033203e+00,1.343412187500000000e+05
7.016153335571289062e+00,1.310271875000000000e+05
7.053764820098876953e+00,1.286101718750000000e+05
7.091091632843017578e+00,1.274588125000000000e+05
7.128147125244140625e+00,1.244230156250000000e+05
7.164937019348144531e+00,1.236271562500000000e+05
7.201464653015136719e+00,1.197207500000000000e+05
7.237732887268066406e+00,1.187832031250000000e+05
7.273745059967041016e+00,1.166222421875000000e+05
7.309504032135009766e+00,1.155496796875000000e+05
7.345013618469238281e+00,1.117889140625000000e+05
7.380276679992675781e+00,1.094642734375000000e+05
7.415296554565429688e+00,1.059167343750000000e+05
7.450076103210449219e+00,1.046922343750000000e+05
7.484619140625000000e+00,1.020540625000000000e+05
7.518928050994873047e+00,1.015850781250000000e+05
7.553006649017333984e+00,9.780980468750000000e+04
7.586858272552490234e+00,9.581858593750000000e+04
7.620485782623291016e+00,9.240183593750000000e+04
7.653892040252685547e+00,9.165354687500000000e+04
7.687080860137939453e+00,8.936223437500000000e+04
7.720055580139160156e+00,8.884126562500000000e+04
7.752818584442138672e+00,8.623539062500000000e+04
7.785373687744140625e+00,8.418892187500000000e+04
7.817724227905273438e+00,8.179974218750000000e+04
7.849872589111328125e+00,8.035871875000000000e+04
7.881823062896728516e+00,7.882732812500000000e+04
7.913578033447265625e+00,7.806617968750000000e+04
7.945140838623046875e+00,7.649500000000000000e+04
7.976514816284179688e+00,7.470575000000000000e+04
8.007703781127929688e+00,7.284336718750000000e+04
8.038709640502929688e+00,7.156843750000000000e+04
8.069536209106445312e+00,7.036957812500000000e+04
8.100187301635742188e+00,6.975314062500000000e+04
8.130664825439453125e+00,6.938696875000000000e+04
8.160973548889160156e+00,6.882726562500000000e+04
8.191115379333496094e+00,6.777528125000000000e+04
8.221094131469726562e+00,6.691542187500000000e+04
8.250912666320800781e+00,6.545343750000000000e+04
8.280574798583984375e+00,6.440099218750000000e+04
8.310082435607910156e+00,6.363705468750000000e+04
8.339440345764160156e+00,6.327519921875000000e+04
8.368651390075683594e+00,6.261582031250000000e+04
8.397718429565429688e+00,6.275441406250000000e+04
8.426644325256347656e+00,6.191814062500000000e+04
8.455431938171386719e+00,6.123460156250000000e+04
8.484086036682128906e+00,6.016364062500000000e+04
8.512608528137207031e+00,5.969671093750000000e+04
8.541003227233886719e+00,5.856949218750000000e+04
8.569272994995117188e+00,5.828384375000000000e+04
8.597421646118164062e+00,5.724398437500000000e+04
8.625452041625976562e+00,5.744632031250000000e+04
8.653366088867187500e+00,5.712608203125000000e+04
8.681165695190429688e+00,5.705262500000000000e+04
8.708851814270019531e+00,5.586283593750000000e+04
8.736424446105957031e+00,5.499943750000000000e+04
8.763885498046875000e+00,5.325194140625000000e+04
8.791234016418457031e+00,5.239489843750000000e+04
8.818470954895019531e+00,5.134409375000000000e+04
8.845598220825195312e+00,5.114250781250000000e+04
8.872614860534667969e+00,5.039347656250000000e+04
8.899522781372070312e+00,5.017091406250000000e+04
8.926322937011718750e+00,4.974435937500000000e+04
8.953014373779296875e+00,4.943288281250000000e+04
8.979598999023437500e+00,4.836353125000000000e+04
9.006077766418457031e+00,4.781963281250000000e+04
9.032449722290039062e+00,4.677050781250000000e+04
9.058716773986816406e+00,4.568332812500000000e+04
9.084879875183105469e+00,4.458984375000000000e+04
9.110939025878906250e+00,4.403311328125000000e+04
9.136895179748535156e+00,4.328283593750000000e+04
9.162748336791992188e+00,4.311216406250000000e+04
9.188500404357910156e+00,4.242561718750000000e+04
9.214151382446289062e+00,4.260982812500000000e+04
9.239702224731445312e+00,4.194428906250000000e+04
9.265152931213378906e+00,4.169550781250000000e+04
9.290504455566406250e+00,4.083271484375000000e+04
9.315757751464843750e+00,4.050170312500000000e+04
9.340912818908691406e+00,3.953403125000000000e+04
9.365971565246582031e+00,3.890805468750000000e+04
9.390933990478515625e+00,3.784775000000000000e+04
9.415800094604492188e+00,3.764455468750000000e+04
9.440571784973144531e+00,3.743626171875000000e+04
9.465249061584472656e+00,3.710117968750000000e+04
9.489831924438476562e+00,3.714050000000000000e+04
9.514323234558105469e+00,3.709165625000000000e+04
9.538721084594726562e+00,3.664401562500000000e+04
9.563027381896972656e+00,3.655284375000000000e+04
9.587243080139160156e+00,3.597186718750000000e+04
9.611368179321289062e+00,3.557881250000000000e+04
9.635403633117675781e+00,3.481607812500000000e+04
9.659349441528320312e+00,3.421005468750000000e+04
9.683208465576171875e+00,3.322669921875000000e+04
9.706978797912597656e+00,3.275606640625000000e+04
9.730662345886230469e+00,3.212023046875000000e+04
9.754260063171386719e+00,3.198425390625000000e+04
9.777770996093750000e+00,3.151570117187500000e+04
9.801198005676269531e+00,3.143297851562500000e+04
9.824541091918945312e+00,3.097474609375000000e+04
9.847799301147460938e+00,3.099844140625000000e+04
9.870975494384765625e+00,3.058021289062500000e+04
9.894069671630859375e+00,3.051880468750000000e+04
9.917081832885742188e+00,2.999717773437500000e+04
9.940012931823730469e+00,2.983352539062500000e+04
9.962863922119140625e+00,2.913085546875000000e+04
9.985635757446289062e+00,2.856028320312500000e+04
1.000832748413085938e+01,2.762398437500000000e+04
1.003094196319580078e+01,2.711966796875000000e+04
1.005347919464111328e+01,2.623811914062500000e+04
1.007593917846679688e+01,2.579679296875000000e+04
1.009832286834716797e+01,2.518683984375000000e+04
1.012063121795654297e+01,2.497400390625000000e+04
1.014286422729492188e+01,2.449932226562500000e+04
1.016502380371093750e+01,2.431505859375000000e+04
1.018710899353027344e+01,2.407610937500000000e+04
1.020912170410156250e+01,2.370757421875000000e+04
1.023106193542480469e+01,2.330773828125000000e+04
1.025293159484863281e+01,2.308275781250000000e+04
1.027472972869873047e+01,2.267254882812500000e+04
1.029645824432373047e+01,2.236639843750000000e+04
1.031811618804931641e+01,2.171958984375000000e+04
1.033970642089843750e+01,2.143203710937500000e+04
1.036122798919677734e+01,2.072310937500000000e+04
1.038268184661865234e+01,2.028099218750000000e+04
1.040406990051269531e+01,1.973383203125000000e+04
1.042539119720458984e+01,1.930457421875000000e+04
1.044664669036865234e+01,1.871510937500000000e+04
1.046783733367919922e+01,1.843716406250000000e+04
1.048896503448486328e+01,1.799720703125000000e+04
1.051002788543701172e+01,1.762836718750000000e+04
1.053102874755859375e+01,1.709854296875000000e+04
1.055196762084960938e+01,1.676782812500000000e+04
1.057284450531005859e+01,1.634241796875000000e+04
1.059366130828857422e+01,1.611692187500000000e+04
1.061441707611083984e+01,1.553378125000000000e+04
1.063511466979980469e+01,1.540957031250000000e+04
1.065575313568115234e+01,1.498734082031250000e+04
1.067633247375488281e+01,1.474714453125000000e+04
1.069685554504394531e+01,1.434563476562500000e+04
1.071732139587402344e+01,1.417337304687500000e+04
1.073773193359375000e+01,1.366966992187500000e+04
1.075808620452880859e+01,1.345319921875000000e+04
1.077838611602783203e+01,1.318439941406250000e+04
1.079863262176513672e+01,1.272951757812500000e+04
1.081882476806640625e+01,1.252792968750000000e+04
1.083896446228027344e+01,1.224511718750000000e+04
1.085905265808105469e+01,1.208743359375000000e+04
1.087908935546875000e+01,1.193223730468750000e+04
1.089907455444335938e+01,1.160494531250000000e+04
1.091901111602783203e+01,1.132541601562500000e+04
1.093889617919921875e+01,1.122703027343750000e+04
1.095873260498046875e+01,1.102767382812500000e+04
1.097851943969726562e+01,1.072821875000000000e+04
1.099825763702392578e+01,1.055981445312500000e+04
1.101794624328613281e+01,1.026033398437500000e+04
1.103758525848388672e+01,9.992543945312500000e+03
1.105717658996582031e+01,9.907123046875000000e+03
1.107671833038330078e+01,9.569103515625000000e+03
1.109621238708496094e+01,9.438462890625000000e+03
1.111565780639648438e+01,9.100736328125000000e+03
1.113505554199218750e+01,9.227541015625000000e+03
1.115440559387207031e+01,8.926261718750000000e+03
1.117370796203613281e+01,8.736269531250000000e+03
1.119296264648437500e+01,8.718062500000000000e+03
1.121216964721679688e+01,8.449356445312500000e+03
1.123132991790771484e+01,8.399330078125000000e+03
1.125044345855712891e+01,8.276309570312500000e+03
1.126951026916503906e+01,8.107028320312500000e+03
1.128853034973144531e+01,8.057252929687500000e+03
1.130750370025634766e+01,7.770048828125000000e+03
1.132643127441406250e+01,7.888361328125000000e+03
1.134531211853027344e+01,7.752684570312500000e+03
1.136414813995361328e+01,7.568184570312500000e+03
1.138293743133544922e+01,7.470958984375000000e+03
1.140168190002441406e+01,7.395582519531250000e+03
1.142038059234619141e+01,7.363193359375000000e+03
1.143903446197509766e+01,7.253510742187500000e+03
1.145764350891113281e+01,7.144895507812500000e+03
1.147620773315429688e+01,6.958491210937500000e+03
1.149472713470458984e+01,6.803138183593750000e+03
1.151320266723632812e+01,6.957703613281250000e+03
1.153163337707519531e+01,6.502224121093750000e+03
1.155002021789550781e+01,6.567687500000000000e+03
1.156836318969726562e+01,6.349937011718750000e+03
1.158666229248046875e+01,6.323515136718750000e+03
1.160491752624511719e+01,6.229004882812500000e+03
1.162312984466552734e+01,6.156208984375000000e+03
1.164129924774169922e+01,5.964221679687500000e+03
1.165942573547363281e+01,5.930734375000000000e+03
1.167750930786132812e+01,5.759131835937500000e+03
1.169554996490478516e+01,5.693515136718750000e+03
1.171354866027832031e+01,5.564303222656250000e+03
1.173150444030761719e+01,5.478356445312500000e+03
1.174941825866699219e+01,5.306614746093750000e+03
1.176729106903076172e+01,5.315475097656250000e+03
1.178512096405029297e+01,5.124342773437500000e+03
1.180290985107421875e+01,4.953277832031250000e+03
1.182065773010253906e+01,4.781903320312500000e+03
1.183836364746093750e+01,4.696879882812500000e+03
1.185602951049804688e+01,4.716248046875000000e+03
1.187365341186523438e+01,4.767223632812500000e+03
1.189123725891113281e+01,4.525963867187500000e+03
1.190878105163574219e+01,4.442152343750000000e+03
1.192628383636474609e+01,4.384294921875000000e+03
1.194374752044677734e+01,4.323647949218750000e+03
1.196117019653320312e+01,4.152240234375000000e+03
1.197855377197265625e+01,4.240081054687500000e+03
1.199589824676513672e+01,4.168615234375000000e+03
1.201320266723632812e+01,4.033782958984375000e+03
1.203046798706054688e+01,3.819146728515625000e+03
