dp_id,dp_cat,dp_type,dp_tech,object,target,ob_name,tpl_start,tpl_id,tpl_expno,tpl_nexp,exposure,det_dit,det_ndit,ins_mode,release_date,access_estsize
AMBER.2013-12-06T23:43:06.093,CALIB,"WAVE,3TEL",INTERFEROMETRY,"WAVE,3TEL",RDOR,SCI_rdor_HRK2.288,2013-12-06T23:35:03,AMBER_3Tstd_acq,4,17,20.0,1.0,20,3Tstd_High_K_1_2.288,2013-12-06T23:43:06.927Z,1002
AMBER.2013-12-06T23:43:33.817,CALIB,"WAVE,3TEL",INTERFEROMETRY,"WAVE,3TEL",RDOR,SCI_rdor_HRK2.288,2013-12-06T23:35:03,AMBER_3Tstd_acq,5,17,20.0,1.0,20,3Tstd_High_K_1_2.288,2013-12-06T23:43:33.817Z,2016
AMBER.2013-12-06T23:44:01.199,CALIB,"WAVE,3TEL",INTERFEROMETRY,"WAVE,3TEL",RDOR,SCI_rdor_HRK2.288,2013-12-06T23:35:03,AMBER_3Tstd_acq,6,17,20.0,1.0,20,3Tstd_High_K_1_2.288,2013-12-06T23:44:01.200Z,2244
AMBER.2013-12-06T23:44:28.838,CALIB,"WAVE,3TEL",INTERFEROMETRY,"WAVE,3TEL",RDOR,SCI_rdor_HRK2.288,2013-12-06T23:35:03,AMBER_3Tstd_acq,7,17,20.0,1.0,20,3Tstd_High_K_1_2.288,2013-12-06T23:44:28.837Z,2157
AMBER.2013-12-06T23:45:26.666,CALIB,3P2V,INTERFEROMETRY,3P2V,RDOR,SCI_rdor_HRK2.288,2013-12-06T23:35:03,AMBER_3Tstd_acq,8,17,3.72,0.186,20,3Tstd_High_K_1_2.288,2013-12-06T23:45:26.667Z,850
AMBER.2013-12-06T23:45:39.504,CALIB,3P2V,INTERFEROMETRY,3P2V,RDOR,SCI_rdor_HRK2.288,2013-12-06T23:35:03,AMBER_3Tstd_acq,9,17,3.72,0.186,20,3Tstd_High_K_1_2.288,2013-12-06T23:45:39.503Z,1673
AMBER.2013-12-06T23:45:52.436,CALIB,3P2V,INTERFEROMETRY,3P2V,RDOR,SCI_rdor_HRK2.288,2013-12-06T23:35:03,AMBER_3Tstd_acq,10,17,3.72,0.186,20,3Tstd_High_K_1_2.288,2013-12-06T23:45:52.437Z,1805
AMBER.2013-12-06T23:46:05.150,CALIB,3P2V,INTERFEROMETRY,3P2V,RDOR,SCI_rdor_HRK2.288,2013-12-06T23:35:03,AMBER_3Tstd_acq,11,17,3.72,0.186,20,3Tstd_High_K_1_2.288,2013-12-06T23:46:05.150Z,2220
AMBER.2013-12-06T23:46:17.870,CALIB,3P2V,INTERFEROMETRY,3P2V,RDOR,SCI_rdor_HRK2.288,2013-12-06T23:35:03,AMBER_3Tstd_acq,12,17,3.72,0.186,20,3Tstd_High_K_1_2.288,2013-12-06T23:46:17.870Z,2201
AMBER.2013-12-06T23:46:30.624,CALIB,3P2V,INTERFEROMETRY,3P2V,RDOR,SCI_rdor_HRK2.288,2013-12-06T23:35:03,AMBER_3Tstd_acq,13,17,3.72,0.186,20,3Tstd_High_K_1_2.288,2013-12-06T23:46:30.623Z,1655
AMBER.2013-12-06T23:46:44.997,CALIB,3P2V,INTERFEROMETRY,3P2V,RDOR,SCI_rdor_HRK2.288,2013-12-06T23:35:03,AMBER_3Tstd_acq,14,17,3.72,0.186,20,3Tstd_High_K_1_2.288,2013-12-06T23:46:44.997Z,2082
AMBER.2013-12-06T23:46:57.650,CALIB,3P2V,INTERFEROMETRY,3P2V,RDOR,SCI_rdor_HRK2.288,2013-12-06T23:35:03,AMBER_3Tstd_acq,15,17,3.72,0.186,20,3Tstd_High_K_1_2.288,2013-12-06T23:46:57.650Z,2095
AMBER.2013-12-06T23:47:10.588,CALIB,3P2V,INTERFEROMETRY,3P2V,RDOR,SCI_rdor_HRK2.288,2013-12-06T23:35:03,AMBER_3Tstd_acq,16,17,3.72,0.186,20,3Tstd_High_K_1_2.288,2013-12-06T23:47:10.587Z,2186
AMBER.2013-12-06T23:47:23.513,CALIB,3P2V,INTERFEROMETRY,3P2V,RDOR,SCI_rdor_HRK2.288,2013-12-06T23:35:03,AMBER_3Tstd_acq,17,17,3.72,0.186,20,3Tstd_High_K_1_2.288,2013-12-06T23:47:23.513Z,2186
AMBER.2013-12-07T00:15:40.257,CALIB,DARK,INTERFEROMETRY,DARK,CANOPUS,CAL_canopus_HRK2.288,2013-12-07T00:15:21,AMBER_3Tstd_obs_1row,1,7,60.0,0.12,500,3Tstd_High_K_1_2.288,2013-12-07T00:15:40.257Z,13033
AMBER.2013-12-07T00:18:35.166,CALIB,OBJECT,INTERFEROMETRY,OBJECT,CANOPUS,CAL_canopus_HRK2.288,2013-12-07T00:15:21,AMBER_3Tstd_obs_1row,2,7,60.0,0.12,500,3Tstd_High_K_1_2.288,2013-12-07T00:18:35.167Z,16381
AMBER.2013-12-07T00:20:42.638,CALIB,OBJECT,INTERFEROMETRY,OBJECT,CANOPUS,CAL_canopus_HRK2.288,2013-12-07T00:15:21,AMBER_3Tstd_obs_1row,3,7,60.0,0.12,500,3Tstd_High_K_1_2.288,2013-12-07T00:20:42.637Z,16834
AMBER.2013-12-07T00:22:49.382,CALIB,OBJECT,INTERFEROMETRY,OBJECT,CANOPUS,CAL_canopus_HRK2.288,2013-12-07T00:15:21,AMBER_3Tstd_obs_1row,4,7,60.0,0.12,500,3Tstd_High_K_1_2.288,2013-12-07T00:22:49.380Z,16500
AMBER.2013-12-07T00:24:56.323,CALIB,OBJECT,INTERFEROMETRY,OBJECT,CANOPUS,CAL_canopus_HRK2.288,2013-12-07T00:15:21,AMBER_3Tstd_obs_1row,5,7,60.0,0.12,500,3Tstd_High_K_1_2.288,2013-12-07T00:24:56.323Z,16747
AMBER.2013-12-07T00:27:03.613,CALIB,OBJECT,INTERFEROMETRY,OBJECT,CANOPUS,CAL_canopus_HRK2.288,2013-12-07T00:15:21,AMBER_3Tstd_obs_1row,6,7,60.0,0.12,500,3Tstd_High_K_1_2.288,2013-12-07T00:27:03.613Z,17220
AMBER.2013-12-07T00:29:15.251,CALIB,SKY,INTERFEROMETRY,SKY,CANOPUS,CAL_canopus_HRK2.288,2013-12-07T00:15:21,AMBER_3Tstd_obs_1row,7,7,60.0,0.12,500,3Tstd_High_K_1_2.288,2013-12-07T00:29:15.250Z,13032
AMBER.2013-12-07T00:32:33.965,SCIENCE,DARK,INTERFEROMETRY,RDOR,RDOR,SCI_rdor_HRK2.288,2013-12-07T00:32:14,AMBER_3Tstd_obs_1row,1,7,60.0,0.12,500,3Tstd_High_K_1_2.288,2014-12-07T02:01:08.173Z,13053
AMBER.2013-12-07T00:35:04.583,SCIENCE,OBJECT,INTERFEROMETRY,RDOR,RDOR,SCI_rdor_HRK2.288,2013-12-07T00:32:14,AMBER_3Tstd_obs_1row,2,7,60.0,0.12,500,3Tstd_High_K_1_2.288,2014-12-07T01:55:09.733Z,29620
AMBER.2013-12-07T00:37:11.797,SCIENCE,OBJECT,INTERFEROMETRY,RDOR,RDOR,SCI_rdor_HRK2.288,2013-12-07T00:32:14,AMBER_3Tstd_obs_1row,3,7,60.0,0.12,500,3Tstd_High_K_1_2.288,2014-12-07T01:51:25.497Z,30165
AMBER.2013-12-07T00:39:18.451,SCIENCE,OBJECT,INTERFEROMETRY,RDOR,RDOR,SCI_rdor_HRK2.288,2013-12-07T00:32:14,AMBER_3Tstd_obs_1row,4,7,60.0,0.12,500,3Tstd_High_K_1_2.288,2014-12-07T02:01:08.173Z,29515
AMBER.2013-12-07T00:41:25.458,SCIENCE,OBJECT,INTERFEROMETRY,RDOR,RDOR,SCI_rdor_HRK2.288,2013-12-07T00:32:14,AMBER_3Tstd_obs_1row,5,7,60.0,0.12,500,3Tstd_High_K_1_2.288,2014-12-07T02:06:18.027Z,28894
AMBER.2013-12-07T00:43:32.981,SCIENCE,OBJECT,INTERFEROMETRY,RDOR,RDOR,SCI_rdor_HRK2.288,2013-12-07T00:32:14,AMBER_3Tstd_obs_1row,6,7,60.0,0.12,500,3Tstd_High_K_1_2.288,2014-12-07T02:06:18.027Z,29523
AMBER.2013-12-07T00:45:44.597,SCIENCE,SKY,INTERFEROMETRY,RDOR,RDOR,SCI_rdor_HRK2.288,2013-12-07T00:32:14,AMBER_3Tstd_obs_1row,7,7,60.0,0.12,500,3Tstd_High_K_1_2.288,2014-12-07T02:06:18.027Z,13062
AMBER.2013-12-07T00:49:06.108,CALIB,DARK,INTERFEROMETRY,DARK,CANOPUS,CAL_canopus_HRK2.288,2013-12-07T00:48:47,AMBER_3Tstd_obs_1row,1,7,60.0,0.12,500,3Tstd_High_K_1_2.288,2013-12-07T00:49:06.107Z,13012
AMBER.2013-12-07T00:51:35.782,CALIB,OBJECT,INTERFEROMETRY,OBJECT,CANOPUS,CAL_canopus_HRK2.288,2013-12-07T00:48:47,AMBER_3Tstd_obs_1row,2,7,60.0,0.12,500,3Tstd_High_K_1_2.288,2013-12-07T00:51:35.780Z,17392
AMBER.2013-12-07T00:53:42.681,CALIB,OBJECT,INTERFEROMETRY,OBJECT,CANOPUS,CAL_canopus_HRK2.288,2013-12-07T00:48:47,AMBER_3Tstd_obs_1row,3,7,60.0,0.12,500,3Tstd_High_K_1_2.288,2013-12-07T00:53:42.680Z,17451
AMBER.2013-12-07T00:55:49.940,CALIB,OBJECT,INTERFEROMETRY,OBJECT,CANOPUS,CAL_canopus_HRK2.288,2013-12-07T00:48:47,AMBER_3Tstd_obs_1row,4,7,60.0,0.12,500,3Tstd_High_K_1_2.288,2013-12-07T00:55:49.940Z,17295
AMBER.2013-12-07T00:57:56.797,CALIB,OBJECT,INTERFEROMETRY,OBJECT,CANOPUS,CAL_canopus_HRK2.288,2013-12-07T00:48:47,AMBER_3Tstd_obs_1row,5,7,60.0,0.12,500,3Tstd_High_K_1_2.288,2013-12-07T00:57:56.797Z,17259
AMBER.2013-12-07T01:00:04.027,CALIB,OBJECT,INTERFEROMETRY,OBJECT,CANOPUS,CAL_canopus_HRK2.288,2013-12-07T00:48:47,AMBER_3Tstd_obs_1row,6,7,60.0,0.12,500,3Tstd_High_K_1_2.288,2013-12-07T01:00:04.277Z,17140
AMBER.2013-12-07T01:02:15.437,CALIB,SKY,INTERFEROMETRY,SKY,CANOPUS,CAL_canopus_HRK2.288,2013-12-07T00:48:47,AMBER_3Tstd_obs_1row,7,7,60.0,0.12,500,3Tstd_High_K_1_2.288,2013-12-07T01:02:15.437Z,13033
