# PICASO 4.1 (Batalha et al. 2019, ApJ 878, 70): the JWST/NIRCam F430M (SVO JWST/NIRCam.F430M) intensity of Sonora Diamondback cloudy (Morley et al. 2024, ApJ 975, 59; [M/H] +0.5, f_sed 1) structures (https://doi.org/10.5281/zenodo.12735103) and the release's cloud optical properties,
# with the PICASO 4.0 correlated-k table sonora_2121grid_feh0.5_co0.46.hdf5 (https://doi.org/10.5281/zenodo.18636725), energy-weighted over PICASO's bins,
# solved with four-term spherical harmonics (Rooney, Batalha & Marley 2023, arXiv:2304.04830),
# at the emission cosines of its eight Gauss points; a and b are the least-squares quadratic law with the centre intensity free.
# t1100g31f1_m+0.5_co1.0: mu 0.9990 0.9895 0.9580 0.8906 0.7782 0.6186 0.4175 0.1877; I/I0 1.0004 0.9962 0.9820 0.9508 0.8958 0.8107 0.6897 0.5250; rms 0.00116
# t1100g100f1_m+0.5_co1.0: mu 0.9990 0.9895 0.9580 0.8906 0.7782 0.6186 0.4175 0.1877; I/I0 1.0000 0.9954 0.9798 0.9456 0.8858 0.7947 0.6682 0.5037; rms 0.00063
# t1200g31f1_m+0.5_co1.0: mu 0.9990 0.9895 0.9580 0.8906 0.7782 0.6186 0.4175 0.1877; I/I0 1.0005 0.9964 0.9824 0.9516 0.8972 0.8130 0.6927 0.5276; rms 0.00129
# t1200g100f1_m+0.5_co1.0: mu 0.9990 0.9895 0.9580 0.8906 0.7782 0.6186 0.4175 0.1877; I/I0 1.0001 0.9956 0.9803 0.9468 0.8882 0.7985 0.6732 0.5083; rms 0.00078
Teff	logg	a	b	Profile
K	[cgs]			
1100	3.5	0.417841	0.204029	t1100g31f1_m+0.5_co1.0
1100	4	0.473772	0.168102	t1100g100f1_m+0.5_co1.0
1200	3.5	0.409460	0.210186	t1200g31f1_m+0.5_co1.0
1200	4	0.460157	0.177794	t1200g100f1_m+0.5_co1.0
