# PICASO 4.1 (Batalha et al. 2019, ApJ 878, 70): the GPI K1 (SVO Gemini/GPI.K1) intensity of Exo-REM cloudy (Charnay et al. 2018, ApJ 854, 172; 3.16 times solar metallicity, C/O 0.35) structures (https://lesia.obspm.fr/exorem/YGP_grids/old_grids_2021/), the optical depth and particle radius of the iron and silicate clouds the release states for each layer, and Exo-REM's optical constants of both,
# with PICASO's resampled opacity database opacities.db (https://doi.org/10.5281/zenodo.3759675), energy-weighted over PICASO's bins,
# solved with four-term spherical harmonics (Rooney, Batalha & Marley 2023, arXiv:2304.04830),
# at the emission cosines of its eight Gauss points; a and b are the least-squares quadratic law with the centre intensity free.
# YGP_900K_logg3.5_met3.16_CO0.35: mu 0.9990 0.9895 0.9580 0.8906 0.7782 0.6186 0.4175 0.1877; I/I0 0.9977 0.9915 0.9705 0.9247 0.8455 0.7281 0.5758 0.4103; rms 0.00216; band flux 0.951 of the release's own spectrum
# YGP_900K_logg4.0_met3.16_CO0.35: mu 0.9990 0.9895 0.9580 0.8906 0.7782 0.6186 0.4175 0.1877; I/I0 0.9994 0.9930 0.9718 0.9263 0.8501 0.7414 0.6030 0.4426; rms 0.00011; band flux 0.970 of the release's own spectrum
# YGP_950K_logg3.5_met3.16_CO0.35: mu 0.9990 0.9895 0.9580 0.8906 0.7782 0.6186 0.4175 0.1877; I/I0 1.0009 0.9956 0.9777 0.9379 0.8664 0.7519 0.5800 0.3408; rms 0.00154; band flux 0.958 of the release's own spectrum
# YGP_950K_logg4.0_met3.16_CO0.35: mu 0.9990 0.9895 0.9580 0.8906 0.7782 0.6186 0.4175 0.1877; I/I0 1.0014 0.9958 0.9769 0.9351 0.8608 0.7436 0.5713 0.3252; rms 0.00250; band flux 0.920 of the release's own spectrum
Teff	logg	a	b	Profile
K	[cgs]			
900	3.5	0.701702	0.032674	YGP_900K_logg3.5_met3.16_CO0.35
900	4	0.671115	0.018451	YGP_900K_logg4.0_met3.16_CO0.35
950	3.5	0.510965	0.368220	YGP_950K_logg3.5_met3.16_CO0.35
950	4	0.532237	0.364313	YGP_950K_logg4.0_met3.16_CO0.35
