lambda	m(HR4540)
nm	mag
---	------
320	
321	
322	
323	
324	
325	
326	
327	
328	
329	
330	
331	
332	
333	
334	
335	
336	
337	
338	
339	
340	 0.512
341	 0.533
342	 0.508
343	 0.512
344	 0.609
345	 0.636
346	 0.592
347	 0.527
348	 0.639
349	 0.612
350	 0.613
351	 0.499
352	 0.508
353	 0.607
354	 0.461
355	 0.402
356	 0.437
357	 0.610
358	 0.631
359	 0.681
360	 0.405
361	 0.583
362	 0.581
363	 0.454
364	 0.465
365	 0.552
366	 0.319
367	 0.376
368	 0.384
369	 0.376
370	 0.264
371	 0.453
372	 0.326
373	 0.322
374	 0.499
375	 0.576
376	 0.317
377	 0.400
378	 0.179
379	 0.249
380	 0.488
381	 0.200
382	 0.406
383	 0.638
384	 0.769
385	 0.302
386	 0.398
387	 0.303
388	 0.365
389	 0.532
390	 0.247
391	 0.226
392	 0.199
393	 0.572
394	 0.915
395	 0.223
396	 0.211
397	 1.030
398	 0.243
399	 0.028
400	-0.042
401	-0.058
402	-0.119
403	-0.093
404	-0.123
405	-0.076
406	-0.038
407	-0.033
408	-0.036
409	-0.095
410	 0.102
411	 0.029
412	-0.123
413	-0.082
414	-0.143
415	-0.105
416	-0.095
417	-0.133
418	-0.043
419	-0.085
420	-0.076
421	-0.120
422	-0.130
423	-0.027
424	-0.063
425	-0.077
426	-0.056
427	-0.076
428	-0.063
429	-0.001
430	 0.082
431	 0.189
432	-0.109
433	-0.012
434	 0.156
435	-0.001
436	-0.091
437	-0.147
438	-0.106
439	 0.010
440	-0.108
441	-0.111
442	-0.151
443	-0.168
444	-0.152
445	-0.173
446	-0.073
447	-0.136
448	-0.191
449	-0.176
450	-0.190
451	-0.263
452	-0.201
453	-0.113
454	-0.158
455	-0.138
456	-0.180
457	-0.176
458	-0.182
459	-0.147
460	-0.150
461	-0.195
462	-0.190
463	-0.198
464	-0.166
465	-0.146
466	-0.190
467	-0.099
468	-0.162
469	-0.167
470	-0.148
471	-0.116
472	-0.182
473	-0.153
474	-0.162
475	-0.172
476	-0.139
477	-0.124
478	-0.186
479	-0.143
480	-0.170
481	-0.147
482	-0.179
483	-0.129
484	-0.118
485	-0.103
486	 0.164
487	 0.049
488	-0.075
489	-0.034
490	-0.154
491	-0.103
492	-0.063
493	-0.121
494	-0.077
495	-0.151
496	-0.118
497	-0.123
498	-0.110
499	-0.091
500	-0.099
501	-0.054
502	-0.029
503	-0.090
504	-0.034
505	-0.094
506	-0.141
507	-0.073
508	-0.038
509	-0.108
510	-0.058
511	-0.070
512	-0.098
513	-0.031
514	-0.021
515	-0.033
516	-0.052
517	 0.127
518	-0.035
519	 0.033
520	-0.025
521	-0.017
522	-0.039
523	 0.025
524	-0.044
525	-0.040
526	-0.035
527	 0.094
528	-0.004
529	-0.064
530	-0.021
531	-0.074
532	-0.037
533	 0.024
534	-0.015
535	-0.021
536	-0.068
537	 0.024
538	-0.025
539	-0.011
540	 0.023
541	 0.050
542	 0.002
543	 0.009
544	-0.016
545	-0.003
546	 0.003
547	-0.013
548	 0.034
549	-0.001
550	 0.015
551	 0.021
552	-0.009
553	 0.037
554	 0.013
555	 0.000
556	 0.018
557	 0.045
558	 0.013
559	 0.070
560	 0.069
561	-0.008
562	 0.057
563	 0.024
564	 0.055
565	 0.025
566	 0.093
567	 0.044
568	 0.047
569	 0.076
570	 0.055
571	 0.109
572	 0.041
573	 0.035
574	 0.033
575	 0.054
576	 0.057
577	 0.040
578	 0.056
579	 0.070
580	 0.055
581	 0.054
582	 0.054
583	 0.040
584	 0.047
585	 0.062
586	 0.104
587	 0.058
588	 0.064
589	 0.148
590	 0.126
591	 0.072
592	 0.082
593	 0.084
594	 0.073
595	 0.098
596	 0.082
597	 0.079
598	 0.110
599	 0.113
600	 0.117
601	 0.121
602	 0.135
603	 0.114
604	 0.112
605	 0.114
606	 0.125
607	 0.125
608	 0.136
609	 0.138
610	 0.154
611	 0.134
612	 0.150
613	 0.155
614	 0.199
615	 0.171
616	 0.221
617	 0.196
618	 0.166
619	 0.188
620	 0.168
621	 0.163
622	 0.183
623	 0.193
624	 0.196
625	 0.216
626	 0.198
627	 0.177
628	 0.231
629	 0.191
630	 0.222
631	 0.201
632	 0.237
633	 0.198
634	 0.235
635	 0.201
636	 0.229
637	 0.212
638	 0.202
639	 0.212
640	 0.225
641	 0.239
642	 0.246
643	 0.224
644	 0.232
645	 0.231
646	 0.253
647	 0.235
648	 0.237
649	 0.244
650	 0.276
651	 0.228
652	 0.257
653	 0.252
654	 0.247
655	 0.294
656	 0.552
657	 0.367
658	 0.280
659	 0.289
660	 0.265
661	 0.266
662	 0.258
663	 0.271
664	 0.274
665	 0.255
666	 0.274
667	 0.275
668	 0.281
669	 0.274
670	 0.285
671	 0.288
672	 0.309
673	 0.300
674	 0.301
675	 0.305
676	 0.308
677	 0.318
678	 0.311
679	 0.318
680	 0.325
681	 0.323
682	 0.325
683	 0.336
684	 0.369
685	 0.339
686	 0.359
687	 0.641
688	 0.469
689	 0.482
690	 0.452
691	 0.418
692	 0.393
693	 0.378
694	 0.370
695	 0.380
696	 0.365
697	 0.354
698	 0.386
699	 0.379
700	 0.382
701	 0.396
702	 0.410
703	 0.383
704	 0.390
705	 0.377
706	 0.393
707	 0.396
708	 0.392
709	 0.404
710	 0.405
711	 0.414
712	 0.420
713	 0.424
714	 0.400
715	 0.428
716	 0.422
717	 0.463
718	 0.492
719	 0.544
720	 0.509
721	 0.488
722	 0.462
723	 0.465
724	 0.504
725	 0.502
726	 0.486
727	 0.477
728	 0.509
729	 0.545
730	 0.485
731	 0.510
732	 0.478
733	 0.485
734	 0.458
735	 0.477
736	 0.488
737	 0.486
738	 0.484
739	 0.520
740	 0.493
741	 0.518
742	 0.517
743	 0.483
744	 0.498
745	 0.506
746	 0.501
747	 0.489
748	 0.505
749	 0.505
750	 0.505
751	 0.528
752	 0.515
753	 0.522
754	 0.510
755	 0.514
756	 0.534
757	 0.521
758	 0.513
759	 0.556
760	 1.596
761	 1.809
762	 0.876
763	 1.233
764	 1.111
765	 0.904
766	 0.789
767	 0.673
768	 0.595
769	 0.579
770	 0.576
771	 0.558
772	 0.563
773	 0.567
774	 0.561
775	 0.591
776	 0.563
777	 0.566
778	 0.602
779	 0.585
780	 0.600
781	 0.595
782	 0.582
783	 0.588
784	 0.614
785	 0.593
786	 0.606
787	 0.596
788	 0.605
789	 0.603
790	 0.613
791	 0.604
792	 0.633
793	 0.636
794	 0.636
795	 0.642
796	 0.623
797	 0.630
798	 0.628
799	 0.629
800	 0.652
801	 0.648
802	 0.648
803	 0.666
804	 0.653
805	 0.677
806	 0.658
807	 0.657
808	 0.665
809	 0.679
810	 0.684
811	 0.665
812	 0.662
813	 0.680
814	 0.709
815	 0.722
816	 0.737
817	 0.764
818	 0.771
819	 0.759
820	 0.801
821	 0.707
822	 0.753
823	 0.833
824	 0.736
825	 0.740
826	 0.746
827	 0.724
828	 0.778
829	 0.764
830	 0.758
831	 0.770
832	 0.758
833	 0.762
834	 0.795
835	 0.759
836	 0.746
837	 0.738
838	 0.750
839	 0.764
840	 0.741
841	 0.744
842	 0.752
843	 0.752
844	 0.774
845	 0.790
846	 0.761
847	 0.776
848	 0.769
849	 0.782
850	 0.925
851	 0.807
852	 0.827
853	 0.826
854	 0.917
855	 1.120
856	 0.881
857	 0.868
858	 0.884
859	 0.917
860	 0.947
861	 0.840
862	 0.840
863	 0.816
864	 0.807
865	 0.801
866	 0.831
867	 1.090
868	 0.828
869	 0.852
870	 0.849
871	
872	
873	
874	
875	
876	
877	
878	
879	
880	
