name	designation	hip	bayer	simbad	constellation	adopted	ra	dec
Absolutno	XO-5			Absolutno	Lyn	2019-12-17	116.716506	39.094572
Acamar	* tet Eri	13847	θ1 Eri	Acamar	Eri	2016-07-20	44.56531816	-40.30467764
Achernar	HR 472	7588	α Eri	Achernar	Eri	2016-06-30	24.42852283	-57.23675281
Achird	HR 219	3821	η Cas	Achird	Cas	2017-09-05	12.27622748	57.81517729
Acrab	* bet Sco	78820	β1 Sco	Acrab	Sco	2016-08-21	241.35929	-19.80539
Acrux	* alf Cru	60718	α Cru	Acrux	Cru	2016-07-20	186.649563	-63.0990929
Acubens	HR 3572	44066	α Cnc	Acubens	Cnc	2016-07-20	134.6216842	11.8576804
Adhafera	HR 4031	50335	ζ Leo	Adhafera	Leo	2016-07-20	154.1725632	23.41731699
Adhara	HR 2618	33579	ε CMa	Adhara	CMa	2016-08-21	104.6564532	-28.97208616
Adhil	HR 390	6411	ξ And	Adhil	And	2016-08-21	20.58508365	45.52877674
Aerostaticus	HR 8135	105140	ε Mic	Aerostaticus	Mic	2026-07-16	319.4845255	-32.17254768
Ain	HR 1409	20889	ε Tau	Ain	Tau	2015-12-15	67.15416773	19.18043421
Ainalrami	HR 7116	92761	ν1 Sgr	Ainalrami	Sgr	2017-09-05	283.5424087	-22.74483962
Aiolos	HD 95086	53524		Aiolos	Car	2023-08-01		
Aladfar	HR 7298	94481	η Lyr	Aladfar	Lyr	2017-09-05	288.4395351	39.14596601
Alasia	HD 168746	90004		Alasia	Ser	2019-12-17	275.457428	-11.922682
Alaybasan	HR 622	10064	β Tri	Alaybasan	Tri	2025-11-07	32.38594634	34.98729706
Albaldah	HR 7264	94141	π Sgr	Albaldah	Sgr	2017-09-05	287.4409705	-21.02361398
Albali	HR 7950	102618	ε Aqr	Albali	Aqr	2016-09-12	311.9189566	-9.495776927
Albireo	HR 7417	95947	β Cyg	Albireo	Cyg	2016-07-20	292.680315	27.95967363
Alchiba	HR 4623	59199	α Crv	Alchiba	Crv	2016-09-12	182.1034053	-24.7288756
Alcor	HR 5062	65477	80 UMa	Alcor	UMa	2016-06-30	201.3064076	54.98795966
Alcyone	HR 1165	17702	η Tau	Alcyone	Tau	2016-06-30	56.8711523	24.10513565
Aldebaran	HR 1457	21421	α Tau	Aldebaran	Tau	2016-06-30	68.98016279	16.50930235
Alderamin	HR 8162	105199	α Cep	Alderamin	Cep	2016-07-20	319.6448847	62.58557446
Aldhanab	HR 8353	108085	γ Gru	Aldhanab	Gru	2017-09-05	328.4821513	-37.36487222
Aldhibah	HR 6396	83895	ζ Dra	Aldhibah	Dra	2017-09-05	257.1966155	65.71464533
Áldu	HR 1220	18532	ϵ Per	Aldu	Per	2025-12-25	59.46349742	40.01019978
Aldulfin	HR 7852	101421	ε Del	Aldulfin	Del	2017-09-05	308.3032203	11.30326639
Alfarasalkamil	HR 8762	113726	ο And	Alfarasalkamil	And	2025-05-08	345.4802708	42.32601552
Alfirk	HR 8238	106032	β Cep	Alfirk	Cep	2016-08-21	322.1649869	70.56071519
Algedi	HR 7754	100064	α2 Cap	Algedi	Cap	2016-08-21	304.513565	-12.54485212
Algenib	HR 39	1067	γ Peg	Algenib	Peg	2016-06-30	3.308968121	15.18359843
Algieba	* gam Leo	50583	γ1 Leo	Algieba	Leo	2016-07-20	154.9931273	19.84148867
Algol	HR 936	14576	β Per	Algol	Per	2016-06-30	47.04221856	40.95564667
Algorab	HR 4757	60965	δ Crv	Algorab	Crv	2016-07-20	187.4660632	-16.51543126
Alhena	HR 2421	31681	γ Gem	Alhena	Gem	2016-07-20	99.42796043	16.39928043
Alioth	HR 4905	62956	ε UMa	Alioth	UMa	2016-06-30	193.50729	55.95982296
Aljanah	HR 7949	102488	ε Cyg	Aljanah	Cyg	2016-06-30	311.5528012	33.97032834
Alkaid	HR 5191	67301	η UMa	Alkaid	UMa	2016-06-30	206.8851573	49.31326673
Alkalurops	HR 5733	75411	μ Boo	Alkalurops	Boo	2016-08-21	225.408175	37.3771556
Alkaphrah	HR 3594	44471	κ UMa	Alkaphrah	UMa	2017-09-05	135.9063651	47.15652473
Alkarab	HR 8905	115623	υ Peg	Alkarab	Peg	2017-09-05	351.3449286	23.40410081
Alkes	HR 4287	53740	α Crt	Alkes	Crt	2016-09-12	164.9436048	-18.29878622
Almaaz	HR 1605	23416	ε Aur	Almaaz	Aur	2017-02-01	75.49222654	43.82331031
Almach	HR 603	9640	γ And	Almach	And	2016-07-20	30.97480121	42.32972842
Almighzal	HR 7615	98110	η Cyg	Almighzal	Cyg	2026-07-16	299.0765493	35.08342289
Alnair	HR 8425	109268	α Gru	Alnair	Gru	2016-07-20	332.0582697	-46.96097438
Alnasl	HR 6746	88635	γ2 Sgr	Alnasl	Sgr	2016-08-21	271.4520337	-30.42408985
Alnilam	HR 1903	26311	ε Ori	Alnilam	Ori	2016-07-20	84.05338894	-1.20191914
Alnitak	* zet Ori	26727	ζ Ori	Alnitak	Ori	2016-07-20	85.18969443	-1.94257359
Alniyat	HR 6084	80112	σ Sco	Alniyat	Sco	2017-02-01	245.2971488	-25.59279208
Alphard	HR 3748	46390	α Hya	Alphard	Hya	2016-07-20	141.8968446	-8.65859953
Alphecca	HR 5793	76267	α CrB	Alphecca	CrB	2016-07-20	233.671952	26.714685
Alpheratz	HR 15	677	α And	Alpheratz	And	2016-06-30	2.09691619	29.09043112
Alpherg	HR 437	7097	η Psc	Alpherg	Psc	2018-06-01	22.87086745	15.34583184
Alqiladah	HR 7217	93683	ο Sgr	Alqiladah	Sgr	2026-08-13	286.1707585	-21.74149596
Alqubba	HR 7259	94160	β CrA	Alqubba	CrA	2026-08-13	287.5073197	-39.34079269
Alrakis	* mu. Dra	83608	μ Dra	Alrakis	Dra	2017-02-01	255.088923	54.4700278
Alrescha	* alf Psc	9487	α Psc	Alrescha	Psc	2016-08-21	30.51125939	30.51175823
Alruba	HR 6618	86782		Alruba	Dra	2018-06-01	265.996537	53.80170722
Alrumh	HR 5490	71995	34 Bootis	Alrumh	Boo	2026-04-15	220.8556773	26.52785338
Alsafi	HR 7462	96100	σ Dra	Alsafi	Dra	2017-06-30	293.0899592	69.66117661
Alsamaka	HR 8538	110538	β Lac	Alsamaka	Lac	2026-08-13	335.8900971	52.22904672
Alsciaukat	HR 3275	41075	31 Lyn	Alsciaukat	Lyn	2017-06-30	125.7087893	43.1881306
Alsephina	HR 3485	42913	δ Vel	Alsephina	Vel	2017-09-05	120.745063	-54.7088194
Alshain	HR 7602	98036	β Aql	Alshain	Aql	2016-08-21	298.8283035	6.406764234
Alshat	HR 7773	100310	ν Cap	Alshat	Cap	2017-06-30	305.1658991	-12.75908063
Altair	HR 7557	97649	α Aql	Altair	Aql	2016-06-30	297.6958273	8.8683212
Altais	HR 7310	94376	δ Dra	Altais	Dra	2016-08-21	288.1387557	67.66153866
Alterf	HR 3773	46750	λ Leo	Alterf	Leo	2017-02-01	142.9301239	22.96798129
Aludra	HR 2827	35904	η CMa	Aludra	CMa	2016-07-20	111.0237595	-29.30310551
Alula Australis	* ksi UMa	55203	ξ UMa	Alula Australis	UMa	2016-07-20	169.5455495	31.5292889
Alula Borealis	HR 4377	55219	ν UMa	Alula Borealis	UMa	2016-07-20	169.6197384	33.09430607
Alwasl	HR 6960	91014	HIP 91014	Alwasl	Sgr	2026-08-13	278.490693	-33.01656027
Alya	* tet Ser	92946	θ1 Ser	Alya	Ser	2016-08-21	284.0549467	4.203606136
Alzirr	HR 2484	32362	ξ Gem	Alzirr	Gem	2017-06-30	101.322352	12.89559496
Amadioha	HD 43197	29550		Amadioha	CMa	2019-12-17	93.39859	-29.897264
Amansinaya	WASP-34			Amansinaya	Crt	2019-12-17	165.399575	-23.860662
Anadolu	WASP-52			Anadolu	Peg	2019-12-17	348.494823	8.76127
Añañuca	GJ 367	47780		Ananuca	Vel	2023-08-01		
Ancha	HR 8499	110003	θ Aqr	Ancha	Aqr	2016-09-12	334.2084862	-7.783288743
Angetenar	HR 850	13288	τ2 Eri	Angetenar	Eri	2017-06-30	42.7596963	-21.00401153
Aniara	HD 102956	57820		Aniara	UMa	2019-12-17	177.843796	57.640734
Ankaa	HR 99	2081	α Phe	Ankaa	Phe	2016-07-20	6.57104752	-42.30598719
Anser	HR 7405	95771	α Vul	Anser	Vul	2017-06-30	292.1763747	24.66490585
Antares	HR 6134	80763	α Sco	Antares	Sco	2016-06-30	247.3519154	-26.43200261
Antinous	HD 191692	99473	θ Aql	Antinous	Aql	2024-06-06	302.8261945	-0.8214635937
Apamvatsa	HR 5095	66006	74 Vir	Apamvatsa	Vir	2025-10-16	202.9911861	-6.255817661
Apdu	HR 664	10670	γ Tri	Apdu	Tri	2025-11-13	34.32861364	33.84719682
Arcalís	HD 131496	72845		Arcalís	Boo	2019-12-17	223.345951	18.235409
Arcturus	HR 5340	69673	α Boo	Arcturus	Boo	2016-06-30	213.9153003	19.18240916
Arin-majlep	HR 7176	93244	ε Aql	Arin-majlep	Aql	2026-06-18	284.9056516	15.06828104
Arkab Posterior	HR 7343	95294	β2 Sgr	Arkab Posterior	Sgr	2016-10-05	290.8047399	-44.7997788
Arkab Prior	HR 7337	95241	β1 Sgr	Arkab Prior	Sgr	2016-10-05	290.65958	-44.45895838
Arneb	HR 1865	25985	α Lep	Arneb	Lep	2016-07-20	83.18256716	-17.82228927
Ascella	HR 7194	93506	ζ Sgr	Ascella	Sgr	2016-09-12	285.6530427	-29.8800633
Asellus Australis	HR 3461	42911	δ Cnc	Asellus Australis	Cnc	2016-11-06	131.1712466	18.15430807
Asellus Borealis	HR 3449	42806	γ Cnc	Asellus Borealis	Cnc	2016-11-06	130.8214464	21.4684988
Ashlesha	HR 3482	43109	ε Hya	Ashlesha	Hya	2018-06-01	131.693801	6.41880152
Aspidiske	HR 3699	45556	ι Car	Aspidiske	Car	2016-07-20	139.2725286	-59.27523203
Asterope	HR 1151	17579	21 Tau	Asterope	Tau	2016-08-21	56.47698521	24.55450992
Asuusiha	HR 6092	79992	τ Her	Asuusiha	Her	2026-05-14	244.9351533	46.3133617
Atakoraka	WASP-64			Atakoraka	CMa	2019-12-17	101.115022	-32.858383
Athebyne	HR 6132	80331	η Dra	Athebyne	Dra	2017-09-05	245.9978597	61.51420976
Atik	HR 1131	17448	ο Per	Atik	Per	2016-09-12	56.07972404	32.28824649
Atlas	HR 1178	17847	27 Tau	Atlas	Tau	2016-08-21	57.29059607	24.05341713
Atria	HR 6217	82273	α TrA	Atria	TrA	2016-07-20	252.1662295	-69.02771185
Aurwandilsta	HR 5971	78493	ι CrB	Aurwandilsta	CrB	2026-05-14	240.3606872	29.85106095
Avior	HR 3307	41037	ε Car	Avior	Car	2016-07-20	125.6284802	-59.50948419
Axólotl	HD 224693	118319		Axolotl	Cet	2019-12-17	359.974298	-22.428116
Ayeyarwady	HD 18742	13993		Ayeyarwady	Eri	2019-12-17	45.044402	-20.802604
Azelfafage	HR 8301	107136	π1 Cyg	Azelfafage	Cyg	2016-09-12	325.5235861	51.18962768
Azha	HR 874	13701	η Eri	Azha	Eri	2016-09-12	44.10687185	-8.898143472
Azmidi	HR 3045	38170	ξ Pup	Azmidi	Pup	2018-06-01	117.3235565	-24.85978388
Bade	HR 1702	24305	μ Lep	Bade	Lep	2026-03-22	78.23292902	-16.2054635
Baekdu	HD 133086	73136	8 UMi	Baekdu	UMi	2019-12-17	224.201473	74.900923
Bagu	HR 2077	28358	δ Aur	Bagu	Aur	2025-11-13	89.88174341	54.28473796
Baijiu	HR 8305	107380	ι PsA	Baijiu	PsA	2026-09-17	326.236707	-33.02578182
Bajamar Star	2MASS J20555125+4352246			Bajamar Star	Cyg	2026-04-18	313.9635651	43.87346219
Bake-eo	HR 6629	87108	γ Oph	Bake-eo	Oph	2024-08-20	266.9731691	2.707279122
Baltesha	HR 5849	76952	γ CrB A	Baltesha	CrB	2026-05-14	235.6857056	26.29563438
Barnard's Star	GJ 699	87937	V2500 Oph	Barnard's Star	Oph	2017-02-01	269.454023	4.668288
Baten Kaitos	HR 539	8645	ζ Cet	Baten Kaitos	Cet	2016-09-12	27.86513062	-10.33503107
Batsũ̀	LHS 3844			Batsu	Ind	2023-08-01		
Beehive Proplyd	HH 540			Beehive Proplyd	Ori	2026-06-13	83.825	-5.5167
Beemim	HR 1393	20535	υ3 Eri	Beemim	Eri	2017-06-30	66.00919306	-34.01684951
Beid	HR 1298	19587	ο1 Eri	Beid	Eri	2016-09-12	62.9664127	-6.837579624
Belel	HD 181342	95124		Belel	Sgr	2019-12-17	290.267627	-23.61957
Bélénos	HD 8574	6643		Belenos	Psc	2019-12-17	21.302148	28.566695
Bellatrix	HR 1790	25336	γ Ori	Bellatrix	Ori	2016-06-30	81.28276356	6.34970326
Berehynia	HAT-P-15			Berehynia	Per	2019-12-17	66.248062	39.460642
Betelgeuse	HR 2061	27989	α Ori	Betelgeuse	Ori	2016-06-30	88.79293899	7.407064
Bharani	HR 838	13209	41 Ari	Bharani	Ari	2017-06-30	42.49597184	27.26050723
Bibhā	HD 86081	48711		Bibha	Sex	2019-12-17	149.024661	-3.808423
Bibing	HR 1239	18724	λ Tau	Bibing	Tau	2026-05-17	60.17006989	12.49034444
Bie	HR 6951	90982	θ CrA	Bie	CrA	2026-08-13	278.3757741	-42.31250824
Biham	HR 8450	109427	θ Peg	Biham	Peg	2016-08-21	332.5499526	6.197921588
Blaze Star	HR 5958	78322	T CrB	Blaze Star	CrB	2025-09-22	239.8756759	25.92017038
Bodu	HR 6730	88267	95 Her	Bodu	Her	2025-06-17		
Bosona	HD 206610	107251		Bosona	Aqr	2019-12-17	325.853751	-7.408253
Botein	HR 951	14838	δ Ari	Botein	Ari	2016-09-12	47.9073607	19.72667311
Brachium	HR 5603	73714	σ Lib	Brachium	Lib	2017-09-05	226.0175617	-25.28196958
Bubup	HD 38283	26380		Bubup	Men	2019-12-17	84.258403	-73.699346
Buna	HD 16175	12191		Buna	And	2019-12-17	39.257963	42.06263
Bunda	HR 8264	106786	ξ Aqr	Bunda	Aqr	2018-06-01	324.4379574	-7.854201597
Buranun	HR 367	5824	88 Psc	Buranun	Psc	2026-09-17	18.67663317	6.995138177
Butterfly Star	IRAS 04302+2247			Butterfly Star	Tau	2026-06-13	68.318754	22.889
Calvera	PSR J1412+7922			Calvera	UMi	2026-04-18	213.233858	79.36765
Canopus	HR 2326	30438	α Car	Canopus	Car	2016-06-30	95.98795783	-52.69566138
Capella	HR 1708	24608	α Aur	Capella	Aur	2016-06-30	79.17232794	45.99799147
Caph	HR 21	746	β Cas	Caph	Cas	2016-06-30	2.29452158	59.1497811
Castor	HR 2891	36850	α Gem	Castor	Gem	2016-06-30	113.6494716	31.88828222
Castula	HR 265	4422	υ2 Cas	Castula	Cas	2017-09-05	14.16627144	59.18105702
Cebalrai	HR 6603	86742	β Oph	Cebalrai	Oph	2016-08-21	265.868133	4.567303668
Ceibo	HD 63454	37284		Ceibo	Cha	2019-12-17	114.841057	-78.278974
Celaeno	HR 1140	17489	16 Tau	Celaeno	Tau	2016-08-21	56.20089557	24.28946759
Cervantes	HR 6585	86796	μ Ara	Cervantes	Ara	2015-12-15	266.0362631	-51.83405322
Cexing	HR 130	2599	κ Cas	Cexing	Cas	2025-11-13	8.249966182	62.93178142
Chalawan	HR 4277	53721	47 UMa	Chalawan	UMa	2015-12-15	150.991104	40.4302558
Chamukuy	HR 1412	20894	θ2 Tau	Chamukuy	Tau	2017-09-05	67.16559005	15.87087465
Chaophraya	WASP-50			Chaophraya	Eri	2019-12-17	43.688059	-10.898063
Chara	HR 4785	61317	β CVn	Chara	CVn	2016-07-20	188.435601	41.35747815
Chasoň	HAT-P-5			Chason	Lyr	2019-12-17	274.40547	36.621436
Chechia	HD 192699	99894		Chechia	Aql	2019-12-17	304.0250157	4.580794438
Chertan	HR 4359	54879	θ Leo	Chertan	Leo	2016-07-20	168.5600236	15.42957109
Citadelle	HD 1502	1547		Citadelle	Psc	2019-12-17	4.82111	14.054756
Citalá	HD 52265	33719		Citala	Mon	2019-12-17	105.0751488	-5.367161369
Cocibolca	HD 4208	3479		Cocibolca	Scl	2019-12-17	11.111045	-26.515683
Copernicus	HR 3522	43587	55 Cnc	Copernicus	Cnc	2016-07-20	120.876614	28.3308208
Cor Caroli	HR 4915	63125	α2 CVn	Cor Caroli	CVn	2016-07-20	194.00694	38.31837644
Cujam	HR 6117	80463	ω Her	Cujam	Her	2017-02-01	246.3539778	14.03326724
Cursa	HR 1666	23875	β Eri	Cursa	Eri	2016-07-20	76.96239535	-5.086496984
Custos	HR 1155	17884	BE Cam	Custos	Cam	2025-12-25	57.38032312	65.5259794
Dabih	HR 7776	100345	β1 Cap	Dabih	Cap	2016-08-21	305.2527775	-14.7814076
Dajiangjunbei	HR 496	8068	φ Per	Dajiangjunbei	Per	2025-08-25	25.9151582	50.68873142
Dalim	HR 963	14879	α For	Dalim	For	2017-09-05	48.01887418	-28.98762199
Danfeng	L 168-9	115211		Danfeng	Tuc	2023-08-01		
Darlugal	HR 1998	27288	ζ Lep	Darlugal	Lep	2026-03-22	86.73892235	-14.82195016
Deltoton	HR 660	10644	δ Tri	Deltoton	Tri	2025-06-17	34.26345974	34.22423205
Deneb	HR 7924	102098	α Cyg	Deneb	Cyg	2016-06-30	310.3579798	45.28033881
Deneb Algedi	HR 8322	107556	δ Cap	Deneb Algedi	Cap	2017-02-01	326.7601843	-16.12728709
Denebola	HR 4534	57632	β Leo	Denebola	Leo	2016-06-30	177.2649098	14.57205806
Dhanishta	HR 7947	102531	γ1 Del	Dhanishta	Del	2026-07-16	311.661921	16.12412827
Dhanuśarāgra	HR 6742	88567	γ1 Sgr	Dhanusaragra	Sgr	2026-08-13	271.2551101	-29.58008951
Diadem	* alf Com	64241	α Com	Diadem	Com	2017-02-01	197.4970217	17.52945526
Dilmun	WASP-121			Dilmun	Pup	2023-08-01		
Dingolay	HD 96063	54158		Dingolay	Leo	2019-12-17	166.185228	-2.513218
Diphda	HR 188	3419	β Cet	Diphda	Cet	2016-08-21	10.89737874	-17.98660632
Dìwö	WASP-17			Dìwo	Sco	2019-12-17	239.962287	-28.061753
Diya	WASP-72			Diya	For	2019-12-17	41.040041	-30.169045
Dofida	HD 117618	66047		Dofida	Cen	2019-12-17	203.106482	-47.271365
Dombay	HAT-P-3			Dombay	UMa	2019-12-17	206.094141	48.028668
Dschubba	HR 5953	78401	δ Sco	Dschubba	Sco	2016-08-21	240.0833554	-22.62170643
Dubhe	HR 4301	54061	α UMa	Dubhe	UMa	2016-06-30	165.9316619	61.75087309
Dust-Ball	V* V927 Per			Dust-Ball	Per	2026-06-13	56.21102545	32.31846274
Dziban	HR 6636	86614	ψ1 Dra	Dziban	Dra	2017-09-05	265.4835932	72.14886878
Ebla	HD 218566	114322		Ebla	Psc	2019-12-17	47.294696	-2.260746
Edasich	HR 5744	75458	ι Dra	Edasich	Dra	2015-12-15	231.2323909	58.96606586
Electra	HR 1142	17499	17 Tau	Electra	Tau	2016-08-21	56.21890454	24.11333785
Elgafar	HR 5409	70755	ϕ Vir	Elgafar	Vir	2018-06-01	217.0505788	-2.22795806
Elkurud	HR 2177	29034	θ Col	Elkurud	Col	2018-06-01	91.88180343	-37.25291923
Elnath	HR 1791	25428	β Tau	Elnath	Tau	2016-07-20	81.57297133	28.60745172
Eltanin	HR 6705	87833	γ Dra	Eltanin	Dra	2016-08-21	269.1515412	51.48889562
Emiw	HD 7199	5529		Emiw	Tuc	2019-12-17	17.696756	-66.188164
Enduri Senggu	HR 8130	104887	τ Cyg	Enduri Senggu	Cyg	2026-07-16	318.6978855	38.04531782
Enif	HR 8308	107315	ε Peg	Enif	Peg	2016-07-20	326.0464839	9.875008653
Errai	HR 8974	116727	γ Cep	Errai	Cep	2015-12-15	345.655808	77.6323642
Fafnir	HR 6945	90344	42 Dra	Fafnir	Dra	2015-12-15	276.496404	65.56348093
Fang	HR 5944	78265	π Sco	Fang	Sco	2017-06-30	239.7129718	-26.11410795
Fawaris	HR 7528	97165	δ Cyg	Fawaris	Cyg	2018-06-01	296.2436606	45.13081002
Felis	HR 3923	48615		Felis	Hya	2018-06-01	148.7175187	-19.00933886
Felixvarela	BD-17 63	2247		Felixvarela	Cet	2019-12-17	7.142942	-16.226345
Fenmu	HR 8597	111497	η Aqr	Fenmu	Aqr	2026-09-17	338.839089	-0.1174974066
Filetdor	WASP-166			Filetdor	Hya	2023-08-01		
Flegetonte	HD 102195	57370		Flegetonte	Vir	2019-12-17	176.42622	2.821479
Flying Saucer	2MASS J16281370-2431391			Flying Saucer	Oph	2026-06-13	247.057072	-24.5277349
Fomalhaut	HR 8728	113368	α PsA	Fomalhaut	PsA	2015-12-15	344.4126927	-29.62223703
Formosa	HD 100655	56508		Formosa	Leo	2019-12-17	173.7656384	20.44154527
Franz	HAT-P-14			Franz	Her	2019-12-17	260.11616	38.242197
Frosty Leo	IRAS 09371+1212			Frosty Leo	Leo	2026-06-13	144.97483	11.98128
Fulu	HR 153	2920	ζ Cas	Fulu	Cas	2017-06-30	9.242852031	53.89691044
Fumalsamakah	HR 8773	113889	β Psc	Fumalsamakah	Psc	2018-06-01	345.9692217	3.82004564
Funi	HD 109246	61177		Funi	Dra	2019-12-17	188.029952	74.489547
Furud	HR 2282	30122	ζ CMa	Furud	CMa	2016-07-20	95.07830017	-30.06336673
Fuyue	HR 6630	87261	G Sco	Fuyue	Sco	2017-06-30	267.4645037	-37.04327638
Gacrux	HR 4763	61084	γ Cru	Gacrux	Cru	2016-07-20	187.7914984	-57.11321346
Gaja	HR 1497	21881	τ Tau	Gaja	Tau	2026-02-22	70.56124685	22.95690281
Gakyid	HD 73534	42446		Gakyid	Cnc	2019-12-17	129.815846	12.960375
Gang	HR 580	9598	50 Cas	Gang	Cas	2025-12-25	30.85878517	72.42129412
Gar	GJ 486	62452		Gar	Vir	2023-08-01		
Garnet Star	HR 8316	107259	µ Cep	Garnet Star	Cep	2024-09-19	325.8769148	58.78004609
Geminga	PSR B0633+17			Geminga	Gem	2022-04-04	98.475638	17.770253
Genghe	HR 5447	71284	σ Bootis	Genghe	Boo	2026-04-15	218.6700724	29.74512713
Giausar	HR 4434	56211	λ Dra	Giausar	Dra	2017-02-01	172.8509236	69.33107573
Gienah	HR 4662	59803	γ Crv	Gienah	Crv	2016-11-06	183.951545	-17.54193046
Ginan	HR 4700	60260	ε Cru	Ginan	Cru	2017-11-17	185.3400339	-60.40114813
Gloas	WASP-13			Gloas	Lyn	2019-12-17	140.102977	33.882417
Gnomon	WASP-43			Gnomon	Sex	2023-08-01		
Gomeisa	HR 2845	36188	β CMi	Gomeisa	CMi	2016-07-20	111.7876739	8.289315763
Gouguo	HR 7650	98688	c Sgr	Gouguo	Sgr	2026-08-13	300.6645021	-27.70984435
Grumium	HR 6688	87585	ξ Dra	Grumium	Dra	2016-09-12	268.3822064	56.87264193
Guahayona	HAT-P-26			Guahayona	Vir	2023-08-01		
Guansuo	HR 5778	76127	θ CrB A	Guansuo	CrB	2026-05-14	233.2324295	31.3591431
Gudja	HR 5879	77450	κ Ser	Gudja	Ser	2018-08-10	237.184905	18.14156491
Gumala	HD 179949	94645	V5652 Sgr	Gumala	Sgr	2019-12-17	288.8884586	-24.17935318
Guniibuu	* 36 Oph	84405	36 Oph	Guniibuu	Oph	2018-08-10	258.8365985	-26.60169922
Guqi	HR 7377	95501	δ Aql	Guqi	Aql	2026-06-18	291.3745891	3.11477947
Hadar	HR 5267	68702	β Cen	Hadar	Cen	2016-08-21	210.9558556	-60.37303516
Haedus	HR 1641	23767	η Aur	Haedus	Aur	2017-06-30	76.62872559	41.23447574
Hamal	HR 617	9884	α Ari	Hamal	Ari	2016-07-20	31.7933571	23.46241755
Hassaleh	HR 1577	23015	ι Aur	Hassaleh	Aur	2017-06-30	74.24841676	33.16609377
Hatysa	HR 1899	26241	ι Ori	Hatysa	Ori	2017-09-05	83.85827581	-5.909888524
Helvetios	HR 8729	113357	51 Peg	Helvetios	Peg	2015-12-15	344.3665854	20.76883251
Heng	HR 5190	67464	ν Cen	Heng	Cen	2025-03-16	207.3761521	-41.68770853
Heryibwia	HR 6832	89642	η Sgr	Heryibwia	Sgr	2026-08-13	274.4068217	-36.76169016
Heze	HR 5107	66249	ζ Vir	Heze	Vir	2018-06-01	203.6732973	-0.5958164161
Hoerikwaggo	HR 2261	29271	α Men	Hoerikwaggo	Men	2024-12-12	92.56030243	-74.75304398
Hoggar	HD 28678	21109		Hoggar	Tau	2019-12-17	67.856059	4.575295
Holoea	IRAS 05327+3404			Holoea	Aur	2026-04-18	84.02489466	34.1032964
Homam	HR 8634	112029	ζ Peg	Homam	Peg	2016-08-21	340.365503	10.83136331
Honores	HR 8830	114570	7 And	Honores	And	2025-05-14	348.1375146	49.4062072
Horna	HAT-P-38			Horna	Tri	2019-12-17	35.383251	32.246136
Hru	HR 7474	96665	σ Aql	Hru	Aql	2026-06-18	294.79851	5.397772218
Huagai	HR 707	11569	ι Cas	Huagai	Cas	2025-12-25	37.26632087	67.4023867
Hunahpú	HD 98219	55174		Hunahpu	Crt	2019-12-17	169.448138	-23.975415
Hunor	HAT-P-2	80076		Hunor	Her	2019-12-17	245.151491	41.048086
Hydor	HR 9098	301	2 Cet	Hydor	Cet	2025-08-25	0.9349492958	-17.33599144
Idigna	HR 463	7535	π Psc	Idigna	Psc	2026-09-17	24.27469244	12.14178295
Iklil	HR 5928	78104	ρ Sco	Iklil	Sco	2017-09-05	239.221155	-29.21407444
Illyrian	HD 82886	47087		Illyrian	LMi	2019-12-17	143.938267	34.780742
Imai	HR 4656	59747	δ Cru	Imai	Cru	2018-08-10	183.786327	-58.74892408
Inquill	HD 156411	84787		Inquill	Ara	2019-12-17	259.964168	-48.54932
Intan	HD 20868	15578		Intan	For	2019-12-17	50.177891	-33.730104
Intercrus	HR 3743	46471		Intercrus	UMa	2015-12-15	142.1666195	45.60148087
Irena	WASP-38			Irena	Her	2019-12-17	243.959855	10.032579
Itonda	HD 208487	108375		Itonda	Gru	2019-12-17	329.332698	-37.763624
Izar	HR 5506	72105	ε Boo	Izar	Boo	2016-08-21	221.2467398	27.07422232
Jabbah	HR 6027	79374	ν Sco	Jabbah	Sco	2017-06-30	242.998891	-19.4606906
Jian	HR 7150	93085	ξ2 Sgr	Jian	Sgr	2026-08-13	284.4325008	-21.10665759
Jiantai	HR 7139	92791	δ2 Lyr	Jiantai	Lyr	2026-06-18	283.6261779	36.89861991
Jishui	HR 2930	37265	ο Gem	Jishui	Gem	2019-12-17	114.7913944	34.58430633
Jiu	HR 8430	109176	ι Peg	Jiu	Peg	2026-08-13	331.752773	25.345099
Jordanus	HR 5127	66458	25 CVn	Jordanus	CVn	2026-09-17	204.3651119	36.29489795
Junnanmen	HR 335	5434	φ And	Junnanmen	And	2025-08-25	17.3755234	47.24179429
Kaewkosin	GJ 3470			Kaewkosin	Cnc	2023-08-01		
Kaffaljidhma	HR 804	12706	γ Cet	Kaffaljidhma	Cet	2017-02-01	40.8248836	3.23581638
Kaffalmusalsala	HR 8976	116805	κ And	Kaffalmusalsala	And	2025-05-08	355.1021156	44.33393296
Kalasungsang	HR 5429	71053	ρ Bootis	Kalasungsang	Boo	2026-04-15	217.9574555	30.37143657
Kalausi	HD 83443	47202		Kalausi	Vel	2019-12-17	144.299282	-43.272204
Kamelos	HR 2363	31940		Kamelos	Cam	2025-12-25	100.1203209	77.99578275
Kamuy	HD 145457	79219		Kamuy	CrB	2019-12-17	242.51631	26.742748
Kang	HR 5315	69427	κ Vir	Kang	Vir	2017-06-30	213.2239369	-10.27370346
Karaka	HD 137388	76351		Karaka	Aps	2019-12-17	233.916337	-80.204594
Kaus Australis	HR 6879	90185	ε Sgr	Kaus Australis	Sgr	2016-07-20	276.0429934	-34.38461649
Kaus Borealis	HR 6913	90496	λ Sgr	Kaus Borealis	Sgr	2016-07-20	276.9926697	-25.4216985
Kaus Media	HR 6859	89931	δ Sgr	Kaus Media	Sgr	2016-07-20	275.2485121	-29.82810226
Kautoki	HR 7056	91971	ζ1 Lyr	Kautoki	Lyr	2026-06-18	281.1931545	37.60512165
Kaveh	HD 175541	92895		Kaveh	Ser	2019-12-17	283.92035	4.265323
Keid	HR 1325	19849	ο2 Eri	Keid	Eri	2016-09-12	63.81799841	-7.652869661
Kenemu	HR 7340	95168	ρ1 Sgr	Kenemu	Sgr	2026-08-13	290.4181661	-17.84719859
Khambalia	HR 5359	69974	λ Vir	Khambalia	Vir	2017-09-05	214.7774695	-13.3710913
Khepdenreret	HR 6324	83207	ϵ Her	Khepdenreret	Her	2026-05-14	255.072389	30.92640423
Kitalpha	HR 8131	104987	α Equ	Kitalpha	Equ	2016-08-21	318.9559882	5.247891952
Kochab	HR 5563	72607	β UMi	Kochab	UMi	2016-07-20	222.6763575	74.15550394
Koeia	HIP 12961	12961		Koeia	Eri	2019-12-17	41.678695	-23.08661
Koit	XO-4			Koit	Lyn	2019-12-17	110.388168	58.268087
Komondor	HAT-P-12			Komondor	CVn	2023-08-01		
Kornephoros	HR 6148	80816	β Her	Kornephoros	Her	2016-08-21	247.5550013	21.48961075
Kosjenka	WASP-63			Kosjenka	Col	2023-08-01		
Kraz	HR 4786	61359	β Crv	Kraz	Crv	2018-06-01	188.5968122	-23.39676022
Krios	HD 240429			Krios	Cas	2026-03-22	357.9792861	59.71350024
Kronos	HD 240430			Kronos	Cas	2026-03-22	358.0385141	59.707367
Kui	HR 271	4463	η And	Kui	And	2025-04-06	14.30166783	23.41765002
Kulou	HR 5028	65109	ι Cen	Kulou	Cen	2025-02-17	200.1492201	-36.71230458
Kurhah	HR 8417	108917	ξ Cep	Kurhah	Cep	2016-09-12	330.9425715	64.62797577
La Superba	HR 4846	62223	Y CVn	La Superba	CVn	2018-08-10	191.2826087	45.44025731
Lang-Exster	HR 8502	110130	α Tuc	Lang-Exster	Tuc	2024-09-19	334.6254685	-60.25962954
Larawag	HR 6241	82396	ε Sco	Larawag	Sco	2017-11-17	252.5408784	-34.29323159
Leepwal	HD 121263	68002	ζ Cen	Leepwal	Cen	2024-07-18	208.8849402	-47.28837451
Leidian	HR 8717	113186	ρ Peg	Leidian	Peg	2026-08-13	343.8069537	8.81618146
Lembu	HR 1547	22565	97 Tau	Lembu	Tau	2026-05-17	72.84359805	18.83985719
Lerna	HAT-P-42			Lerna	Hya	2019-12-17	135.344371	6.097227
Lesath	HR 6508	85696	υ Sco	Lesath	Sco	2016-08-21	262.690988	-37.29581348
Libertas	HR 7595	97938	ξ Aql	Libertas	Aql	2015-12-15	298.5620063	8.461454288
Lich	PSR B1257+12			Lich	Vir	2015-12-15		
Liesma	HD 118203	66192		Liesma	UMa	2019-12-17	203.510581	53.728527
Ligong	HR 8667	112440	λ Peg	Ligong	Peg	2026-08-13	341.6328246	23.5656561
Lilii Borea	HR 824	13061	39 Ari	Lilii Borea	Ari	2017-09-05	41.97725865	29.24711827
Lintangkumba	HR 8679	112716	τ2 Aqr	Lintangkumba	Aqr	2026-09-22	342.3979208	-13.59262854
Lionrock	HD 212771	110813		Lionrock	Aqr	2019-12-17	336.762801	-17.263656
Lucilinburhuc	HD 45350	30860		Lucilinburhuc	Aur	2019-12-17	97.190463	38.962962
Lumbung	HR 4823	61966	39 Cru	Lumbung	Cru	2026-02-22	190.4857049	-59.68582068
Lusitânia	HD 45652	30905		Lusitania	Mon	2019-12-17	97.304966	10.933891
Maasym	HR 6526	85693	λ Her	Maasym	Her	2016-09-12	262.6846243	26.11064561
Macondo	HD 93083	52521		Macondo	Ant	2019-12-17	161.087146	-33.577024
Maenalus	HR 5511	72220	109 Virginis	Maenalus	Vir	2026-04-15	221.562181	1.892883828
Mago	HD 32518	24003		Mago	Cam	2019-12-17	77.40300153	69.63940411
Magur	HR 6862	90037	HIP 90037	Magur	CrA	2026-08-13	275.5773892	-38.65689614
Mahasim	HR 2095	28380	θ Aur	Mahasim	Aur	2017-06-30	89.93029218	37.21258463
Mahsati	HD 152581	82651		Mahsati	Oph	2019-12-17	253.431594	11.973748
Maia	HR 1149	17573	20 Tau	Maia	Tau	2016-07-20	56.45670065	24.36774377
Malmok	WASP-39		V732 Vir	Malmok	Vir	2019-12-17	217.32673	-3.444501
Marfik	HR 6149	80883	λ Oph	Marfik	Oph	2016-09-12	247.7284118	1.98392248
Markab	HR 8781	113963	α Peg	Markab	Peg	2017-06-30	346.1902227	15.20526715
Markeb	HR 3734	45941	κ Vel	Markeb	Vel	2017-09-05	140.5284067	-55.01066713
Márohu	WASP-6			Marohu	Aqr	2019-12-17	348.157237	-22.673966
Marsic	* kap Her	79043	κ Her	Marsic	Her	2017-02-01	242.0188568	17.04697753
Maru	WD 0806-661			Maru	Vol	2023-08-01		
Matar	HR 8650	112158	η Peg	Matar	Peg	2016-08-21	340.7505369	30.22121471
Matrichakra	HR 5889	77512	δ CrB	Matrichakra	CrB	2026-05-14	237.3985292	26.06839286
Matza	HIP 65426	65426		Matza	Cen	2023-08-01		
Mazaalai	HAT-P-21			Mazaalai	UMa	2020-02-24	171.274941	41.027964
Mebsuta	HR 2473	32246	ε Gem	Mebsuta	Gem	2016-07-20	100.9830298	25.13112719
Megrez	HR 4660	59774	δ UMa	Megrez	UMa	2016-06-30	183.8564994	57.03261698
Meissa	HR 1879	26207	λ Ori	Meissa	Ori	2016-07-20	83.78448367	9.93415587
Mekbuda	HR 2650	34088	ζ Gem	Mekbuda	Gem	2016-09-12	106.0272135	20.57029847
Meleph	HR 3429	42556	ε Cnc	Meleph	Cnc	2017-09-05	130.1125421	19.54481231
Menkalinan	HR 2088	28360	β Aur	Menkalinan	Aur	2016-07-20	89.88217887	44.94743257
Menkar	HR 911	14135	α Cet	Menkar	Cet	2016-06-30	45.5698878	4.08973877
Menkent	HR 5288	68933	θ Cen	Menkent	Cen	2016-08-21	211.6706147	-36.36995474
Menkib	HR 1228	18614	ξ Per	Menkib	Per	2016-09-12	59.74126013	35.79103042
Merak	HR 4295	53910	β UMa	Merak	UMa	2016-06-30	165.4603323	56.38243365
Merga	HR 5533	72487	38 Boo	Merga	Boo	2016-09-12	222.3277931	46.116204
Meridiana	HR 7254	94114	α CrA	Meridiana	CrA	2017-09-05	287.3680896	-37.9044744
Merope	HR 1156	17608	23 Tau	Merope	Tau	2016-07-20	56.58160786	23.94835894
Mesarthim	* gam Ari		γ Ari	Mesarthim	Ari	2016-08-21	28.38256	19.293852
Miaplacidus	HR 3685	45238	β Car	Miaplacidus	Car	2016-07-20	138.2999061	-69.7172076
Mimosa	HR 4853	62434	β Cru	Mimosa	Cru	2016-07-20	191.9302866	-59.688772
Minchir	HR 3418	42402	σ Hya	Minchir	Hya	2017-09-05	129.6893227	3.341435188
Minelauva	HR 4910	63090	δ Vir	Minelauva	Vir	2017-06-30	193.9008693	3.397468904
Mintaka	HR 1852	25930	δ Ori	Mintaka	Ori	2016-07-20	83.00166706	-0.29909511
Mira	HR 681	10826	ο Cet	Mira	Cet	2016-06-30	30.3224417	-2.97763889
Mirach	HR 337	5447	β And	Mirach	And	2016-06-30	17.43301617	35.62055765
Miram	HR 834	13268	η Per	Miram	Per	2017-09-05	42.67420822	55.89549437
Mirfak	HR 1017	15863	α Per	Mirfak	Per	2016-07-20	51.08070872	49.86117929
Mirzam	HR 2294	30324	β CMa	Mirzam	CMa	2016-07-20	95.67493897	-17.95591871
Misam	HR 941	14668	κ Per	Misam	Per	2017-09-05	47.37418183	44.85745829
Mizar	HR 5054	65378	ζ UMa	Mizar	UMa	2016-06-30	195.398762	54.9253611
Moldoveanu	XO-1			Moldoveanu	CrB	2019-12-17	240.54936	28.169561
Mönch	HD 130322	72339		Monch	Vir	2019-12-17	221.886361	-0.281474
Montuno	WASP-79			Montuno	Eri	2019-12-17	66.370903	-30.600447
Morava	WASP-60			Morava	Peg	2019-12-17	356.666561	31.155937
Moriah	HAT-P-23			Moriah	Del	2019-12-17	306.123848	16.76217
Moth	HD 61005	36948		Moth	Pup	2026-06-13	113.9477598	-32.20390141
Mothallah	HR 544	8796	α Tri	Mothallah	Tri	2016-08-21	28.27043924	29.57881867
Mouhoun	HD 30856	22491		Mouhoun	Eri	2019-12-17	72.574423	-24.368843
Mpingo	WASP-71			Mpingo	Cet	2019-12-17	29.26335	0.758855
Muliphein	HR 2657	34045	γ CMa	Muliphein	CMa	2016-08-21	105.9395561	-15.633287
Muning	HR 5933	78072	γ Ser	Muning	Ser	2026-07-01	239.1132611	15.66161377
Muphrid	HR 5235	67927	η Boo	Muphrid	Boo	2016-09-12	208.6711622	18.39772072
Muscida	HR 3323	41704	ο UMa	Muscida	UMa	2016-07-20	127.5661257	60.71816822
Musica	HR 8030	103527	18 Del	Musica	Del	2015-12-15	314.6080564	10.83928635
Muspelheim	HAT-P-29			Muspelheim	Per	2019-12-17	33.13116	51.778767
Naga	HR 5020	64962	γ Hya	Naga	Hya	2026-02-22	199.730407	-23.17151401
Nahn	HR 3627	44946	ξ Cnc	Nahn	Cnc	2018-06-01	137.3397548	22.04543837
Naledi	WASP-62			Naledi	Dor	2019-12-17	87.139974	-63.988441
Nandou	HR 7039	92041	φ Sgr	Nandou	Sgr	2026-08-13	281.4141231	-26.99078265
Naos	HR 3165	39429	ζ Pup	Naos	Pup	2016-08-21	120.8960314	-40.0031478
Nashira	HR 8278	106985	γ Cap	Nashira	Cap	2016-08-21	325.0226893	-16.6623712
Násti	HD 68988	40687		Nasti	UMa	2019-12-17	124.592386	61.460721
Natasha	HD 85390	48235		Natasha	Vel	2019-12-17	147.510404	-49.790266
Necklace	IRAS 19417+1701			Necklace	Sge	2026-06-13	295.9979644	17.15026772
Neichu	HR 8454	109410	π2 Peg	Neichu	Peg	2026-08-13	332.4968459	33.17822233
Nekkar	HR 5602	73555	β Boo	Nekkar	Boo	2016-08-21	225.4865096	40.39056857
Nembus	HR 464	7607	51 And	Nembus	And	2017-09-05	24.49815843	48.62821196
Nenque	HD 6434	5054		Nenque	Phe	2019-12-17	16.167293	-39.488218
Nervia	HD 49674	32916		Nervia	Aur	2019-12-17	102.877151	40.867757
Nganurganity	HR 2646	33856	σ CMa	Nganurganity	CMa	2017-09-05	105.028652	-27.93483034
Niandao	HR 7157	92862	13 Lyr	Niandao	Lyr	2026-06-18	283.8337597	43.94608958
Nihal	HR 1829	25606	β Lep	Nihal	Lep	2016-07-20	82.06134537	-20.75944389
Nikawiy	HD 136418	74961		Nikawiy	Boo	2019-12-17	229.77576	41.733206
Ninnisig	HR 7314	94713	θ Lyr	Ninnisig	Lyr	2026-06-18	289.0920557	38.13374205
Noquisi	GJ 436	57087		Noquisi	Leo	2023-08-01		
Nosaxa	HD 48265	31895		Nosaxa	Pup	2019-12-17	100.007196	-48.541956
Nüchuang	HR 6418	84380	π Her	Nuchuang	Her	2026-05-14	258.7618094	36.80916155
Nunki	HR 7121	92855	σ Sgr	Nunki	Sgr	2016-08-21	283.8163604	-26.29672411
Nusakan	HR 5747	75695	β CrB	Nusakan	CrB	2016-09-12	231.9573086	29.10569296
Nushagak	HD 17156	13192		Nushagak	Cas	2019-12-17	42.435361	71.753231
Nyamien	WASP-15			Nyamien	Cen	2019-12-17	208.927967	-32.159615
Ogma	HD 149026	80838		Ogma	Her	2015-12-15	247.623409	38.347311
Okab	HR 7235	93747	ζ Aql	Okab	Aql	2018-06-01	286.3525334	13.86347728
Orkaria	GJ 1214			Orkaria	Oph	2023-08-01		
Pabilsang	HR 7120	92845	ν2 Sgr	Pabilsang	Sgr	2026-08-13	283.7797394	-22.67128379
Pagru	HR 7570	97804	η Aql	Pagru	Aql	2026-06-18	298.1182038	1.005658883
Paikauhale	HR 6165	81266	τ Sco	Paikauhale	Sco	2018-08-10	248.9706369	-28.21601709
Paloma	2MASS J05243042+4244506			Paloma	Aur	2026-04-19	81.12693471	42.74735016
Paradys	HR 5470	72370	α Aps	Paradys	Aps	2025-05-18	221.9654629	-79.04475355
Parumleo	WASP-32			Parumleo	Psc	2019-12-17	3.961699	1.200441
Paushna	HR 362	5743	ζ Psc B	Paushna	Psc	2026-09-17	18.43856123	7.57824453
Peacock	HR 7790	100751	α Pav	Peacock	Pav	2016-07-20	306.4119044	-56.73508973
Peony Star	WR 102ka			Peony Star	Sgr	2026-06-13	266.5755	-29.02683
Petra	WASP-80			Petra	Aql	2019-12-17	303.167372	-2.14422
Phact	HR 1956	26634	α Col	Phact	Col	2016-07-20	84.9122543	-34.07410972
Phecda	HR 4554	58001	γ UMa	Phecda	UMa	2016-07-20	178.4576972	53.69475973
Pherkad	HR 5735	75097	γ UMi	Pherkad	UMi	2016-08-21	230.182098	71.83402545
Pherkad Minor	HR 5714	74793	11 UMi	Pherkad Minor	UMi	2026-03-22	229.2745394	71.82390204
Phoenicia	HD 192263	99711	V1703 Aql	Phoenicia	Aql	2019-12-17	303.499356	-0.866881
Phyllon Kissinou	23 Com	61394		Phyllon Kissinou	Com	2024-05-16	188.7128034	22.629206
Piautos	HR 3268	40881	λ Cnc	Piautos	Cnc	2018-06-01	125.1339015	24.02231115
Pili	HR 9072	118268	ω Psc	Pili	Psc	2026-09-17	359.8278759	6.863322339
Pincoya	HD 164604	88414		Pincoya	Sgr	2019-12-17	270.778888	-28.560655
Ping	HR 1654	23685	ε Lep	Ping	Lep	2026-03-22	76.36526836	-22.37103449
Pipirima	HR 6252	82545	μ2 Sco	Pipirima	Sco	2017-09-05	253.0839388	-38.01753496
Pipit	HR 2451	31685	ν Pup	Pipit	Pup	2024-08-25	99.44030261	-43.19593569
Pipoltr	TrES-3 Parent Star		V1434 Her	Pipoltr	Her	2019-12-17	268.029244	37.546177
Pistol Star	V*4647 Sgr			Pistol Star	Sgr	2026-03-22	266.5635	-28.834328
Pleione	HR 1180	17851	28 Tau	Pleione	Tau	2016-06-30	57.29673582	24.1367102
Poerava	HD 221287	116084		Poerava	Tuc	2019-12-17	352.834742	-58.209731
Polaris	HR 424	11767	α UMi	Polaris	UMi	2016-06-30	37.95456067	89.26410897
Polaris Australis	HR 7228	104382	σ Oct	Polaris Australis	Oct	2017-09-05	317.1952649	-88.95649954
Polis	HR 6812	89341	μ Sgr	Polis	Sgr	2017-09-05	273.4408702	-21.05883169
Pollux	HR 2990	37826	β Gem	Pollux	Gem	2015-12-15	116.3289578	28.02619889
Pongaponga	HR 7051	91919	ε1 Lyr A	Pongaponga	Lyr	2026-06-18	281.0847656	39.67012917
Porrima	HR 4825	61941	γ Vir	Porrima	Vir	2016-07-20	190.4151176	-1.449403952
Praecipua	HR 4247	53229	46 LMi	Praecipua	LMi	2017-06-30	163.3278715	34.21489213
Prima Hyadum	HR 1346	20205	γ Tau	Prima Hyadum	Tau	2017-09-05	64.94834968	15.62764205
Procyon	HR 2943	37279	α CMi	Procyon	CMi	2016-06-30	114.8254979	5.22498756
Propus	HR 2216	29655	η Gem	Propus	Gem	2016-07-20	93.71935536	22.50678733
Protome	HR 8098	104538	6 Equ	Protome	Equ	2026-07-16	317.6304835	10.04891338
Proxima Centauri	GJ 551	70890	α Cen	Proxima Centauri	Cen	2016-08-21	217.428953	-62.679484
Pulcherrima	HR 5505	72105	ε Boo B	Pulcherrima	Boo	2026-04-15	221.2464574	27.07498559
Puwuh Atarung	HR 8969	116771	ι Psc	Puwuh Atarung	Psc	2026-09-17	354.9876692	5.626292753
Qedty	HR 7242	94005	δ CrA	Qedty	CrA	2026-08-13	287.0873737	-40.49669798
Qigong	HR 5681	74666	δ Bootis A	Qigong	Boo	2026-04-15	228.8756784	33.31483124
Quadrans	GJ 575	73695	44 Boo A	Quadrans	Boo	2025-02-17	225.9467902	47.65397724
Ramus	HR 6787	88886	102 Her	Ramus	Her	2025-06-17	272.1895497	20.81455683
Ran	HR 1084	16537	ε Eri	Ran	Eri	2015-12-15	53.23268538	-9.458260971
Rana	HR 1136	17378	δ Eri	Rana	Eri	2022-04-04	55.81208557	-9.763391932
Rangifer	HR 592	9763	49 Cas	Rangifer	Cas	2025-12-25	31.38145888	76.11506012
Rapeto	HD 153950	83547		Rapeto	Sco	2019-12-17	256.128629	-43.30977
Rasalas	HR 3905	48455	μ Leo	Rasalas	Leo	2016-09-12	148.1909042	26.00695119
Rasalgethi	* alf Her	84345	α1 Her	Rasalgethi	Her	2016-06-30	255.244128	14.3903333
Rasalhague	HR 6556	86032	α Oph	Rasalhague	Oph	2016-07-20	263.7336227	12.56003739
Rasalnaqa	HR 8965	116631	ι And	Rasalnaqa	And	2025-05-08	354.5341679	43.26807305
Rastaban	HR 6536	85670	β Dra	Rastaban	Dra	2016-08-21	262.6081737	52.30138871
Red Rectangle	HD 44179	30089		Red Rectangle	Mon	2026-05-09	94.99257729	-10.63741835
Regulus	HR 3982	49669	α Leo	Regulus	Leo	2016-06-30	152.0929624	11.96720878
Revati	HR 361	5737	ζ Psc	Revati	Psc	2017-06-30	18.43285834	7.575359937
Rhombus	HR 1336	19780	α Ret	Rhombus	Ret	2024-09-19	63.60612502	-62.47380349
Rigel	HR 1713	24436	β Ori	Rigel	Ori	2016-06-30	78.63446707	-8.20163836
Rigil Kentaurus	HR 5459	71683	α Cen	Rigil Kentaurus	Cen	2016-11-06	219.9020583	-60.83397
Rosalíadecastro	HD 149143	81022		Rosalíadecastro	Oph	2019-12-17	248.212712	2.084828
Rosette Eye	RAFGL 961			Rosette Eye	Mon	2026-06-13	98.657256	4.212277
Rotanev	HR 7882	101769	β Del	Rotanev	Del	2016-09-12	309.3872554	14.59508875
Ruchbah	HR 403	6686	δ Cas	Ruchbah	Cas	2016-08-21	21.45396446	60.23528403
Rukbat	HR 7348	95347	α Sgr	Rukbat	Sgr	2016-07-20	290.9715642	-40.6159372
Sabik	HR 6378	84012	η Oph	Sabik	Oph	2016-08-21	257.59432	-15.72490664
Saclateni	HR 1612	23453	ζ Aur	Saclateni	Aur	2017-06-30	75.61951435	41.07583199
Sadachbia	HR 8518	110395	γ Aqr	Sadachbia	Aqr	2016-08-21	335.4140482	-1.387349194
Sadalbari	HR 8684	112748	μ Peg	Sadalbari	Peg	2016-08-21	342.5008045	24.60158128
Sadalmelik	HR 8414	109074	α Aqr	Sadalmelik	Aqr	2016-08-21	331.4459814	-0.3198509554
Sadalsuud	HR 8232	106278	β Aqr	Sadalsuud	Aqr	2016-08-21	322.889717	-5.571174828
Sadr	HR 7796	100453	γ Cyg	Sadr	Cyg	2016-08-21	305.557091	40.25667916
Safina	HR 8812	114341	88 Aqr	Safina	Aqr	2024-12-12	347.3616502	-21.17241521
Sagarmatha	HD 100777	56572		Sagarmatha	Leo	2019-12-17	173.964679	-4.755695
Saiph	HR 2004	27366	κ Ori	Saiph	Ori	2016-07-20	86.93912017	-9.669604919
Salm	HR 8880	115250	τ Peg	Salm	Peg	2017-09-05	350.1593593	23.74035506
Sāmaya	HD 205739	106824		Samaya	PsA	2019-12-17	324.535016	-31.737484
Sansuna	HAT-P-34			Sansuna	Sge	2019-12-17	303.195361	18.104833
Sapaki	WR 67-1			Sapaki	Cir	2026-04-18	229.1540041	-58.16632917
Sargas	HR 6553	86228	θ Sco	Sargas	Sco	2016-08-21	264.3297077	-42.99782799
Sarin	HR 6410	84379	δ Her	Sarin	Her	2016-09-12	258.7579607	24.83920697
Sarvvis	HR 1122	17358	δ Per	Sarvvis	Per	2025-12-25	55.73122002	47.78749674
Sceptrum	HR 1481	21594	53 Eri	Sceptrum	Eri	2017-06-30	69.5450984	-14.3040279
Scheat	HR 8775	113881	β Peg	Scheat	Peg	2016-06-30	345.9435728	28.08278712
Schedar	HR 168	3179	α Cas	Schedar	Cas	2016-08-21	10.12684601	56.53732922
Secunda Hyadum	HR 1373	20455	δ1 Tau	Secunda Hyadum	Tau	2017-09-05	65.73372983	17.54251383
Segin	HR 0542	8886	ε Cas	Segin	Cas	2017-09-05	28.59889203	63.67010007
Seginus	HR 5435	71075	γ Boo	Seginus	Boo	2016-08-21	218.0194653	38.30824808
Shakata	HR 1407	20877	75 Tau	Shakata	Tau	2026-05-17	67.10987462	16.35967495
Shakh	HR 7488	96837	β Sge	Shakh	Sge	2026-06-18	295.2622456	17.47604241
Sham	HR 7479	96757	α Sge	Sham	Sge	2016-09-12	295.0241305	18.01389073
Shama	HD 99109	55664		Shama	Leo	2019-12-17	171.072328	-1.529073
Shangcheng	HR 932	14862		Shangcheng	Cas	2025-12-25	47.98445484	74.3936583
Shangwei	HR 2209	29997		Shangwei	Cam	2025-12-25	94.71157297	69.31981424
Shaomin	HD 91316	51624	ρ Leo	Shaomin	Leo	2024-07-18	158.2027933	9.306584817
Shaowei	HR 1148	17959	γ Cam	Shaowei	Cam	2025-12-25	57.58962223	71.33226611
Sharjah	HIP 79431	79431		Sharjah	Sco	2019-12-17	243.174084	-18.875503
Shatabhisha	HR 8698	112961	λ Aqr	Shatabhisha	Aqr	2025-09-22	343.1536419	-7.579596924
Shaula	HR 6527	85927	λ Sco	Shaula	Sco	2016-07-20	263.4021672	-37.10382355
Sheliak	HR 7106	92420	β Lyr	Sheliak	Lyr	2016-08-21	282.5199798	33.36266677
Shengong	HR 6298	83100		Shengong	Sco	2025-10-16	254.7177803	-37.62049285
Sheratan	HR 553	8903	β Ari	Sheratan	Ari	2016-07-20	28.66004579	20.80803147
Shimu	HR 215	3693	ζ And	Shimu	And	2025-03-16	11.8346905	24.26717855
Sika	HD 181720	95262		Sika	Sgr	2019-12-17	290.72077	-32.919053
Simmakh	HR 80	1645	41 Psc	Simmakh	Psc	2026-09-17	5.149425122	8.190271705
Sirius	HR 2491	32349	α CMa	Sirius	CMa	2016-06-30	101.2871553	-16.71611586
Situla	HR 8610	111710	κ Aqr	Situla	Aqr	2016-09-12	339.4390856	-4.228054801
Siwarha	-		α Ori B	Siwarha	Ori	2025-09-22	88.79293899	7.407064
Skat	HR 8709	113136	δ Aqr	Skat	Aqr	2016-08-21	343.6625261	-15.82081957
Solaris	BD+14 4559	104780		Solaris	Peg	2019-12-17	318.399959	14.689385
Solitaire	HR 5526	72571	E Hya	Solitaire	Hya	2024-10-31	222.5721179	-27.96036123
Southern Crab	WRAY 16-147			Southern Crab	Cen	2026-06-13	212.9669185	-51.44005198
Speedy Mic	HD 197890	102626		Speedy Mic	Mic	2026-05-09	311.9375234	-36.59465829
Spica	HR 5056	65474	α Vir	Spica	Vir	2016-06-30	201.2982474	-11.16131949
Stella Ludoviciana	HD 116798			Stella Ludoviciana	UMa	2026-04-17	201.2160503	54.89745571
Stellio	HR 8585	111169	α Lac	Stellio	Lac	2024-08-29	337.8229226	50.28249164
Stephanos	HR 5855	77048	π CrB	Stephanos	CrB	2026-05-14	235.9970806	32.51580592
Sterrennacht	HAT-P-6			Sterrennacht	And	2019-12-17	354.774209	42.465973
Stribor	HD 75898	43674		Stribor	Lyn	2019-12-17	133.461689	33.056812
Sualocin	HR 7906	101958	α Del	Sualocin	Del	2016-09-12	309.9094985	15.91216001
Subra	HR 3852	47508	ο Leo	Subra	Leo	2016-09-12	145.2876341	9.892307896
Suhail	HR 3634	44816	λ Vel	Suhail	Vel	2016-08-21	136.9989911	-43.43259091
Sukhurmashu	HR 7747	100027	α1 Cap	Sukhurmashu	Cap	2026-07-16	304.4119547	-12.50821219
Sulafat	HR 7178	93194	γ Lyr	Sulafat	Lyr	2016-08-21	284.7359273	32.68955574
Syrma	HR 5338	69701	ι Vir	Syrma	Vir	2016-09-12	214.0036178	-6.000547079
Tabit	HR 1543	22449	π3 Ori	Tabit	Ori	2017-09-05	72.46004669	6.961277951
Taika	HAT-P-40			Taika	Lac	2019-12-17	335.512865	45.457366
Taiyangshou	HR 4518	57399	χ UMa	Taiyangshou	UMa	2017-06-30	176.5125586	47.77940424
Taiyi	HR 4916	63076	8 Dra	Taiyi	Dra	2017-06-30	193.8689524	65.4384742
Talitha	HR 3569	44127	ι UMa	Talitha	UMa	2016-07-20	134.8018881	48.04182614
Tangra	WASP-21			Tangra	Peg	2019-12-17	347.492723	18.396078
Tania Australis	HR 4069	50801	μ UMa	Tania Australis	UMa	2016-07-20	155.5821987	41.49953826
Tania Borealis	HR 4033	50372	λ UMa	Tania Borealis	UMa	2016-07-20	154.2740802	42.91441381
Tapecue	HD 63765	38041		Tapecue	Car	2019-12-17	116.957168	-54.264144
Tarandus	HR 285	5372	2 UMi	Tarandus	Cep	2025-12-25	17.18699431	86.25709067
Tarazed	HR 7525	97278	γ Aql	Tarazed	Aql	2016-08-21	296.5649123	10.61325872
Tarf	HR 3249	40526	β Cnc	Tarf	Cnc	2018-06-01	124.1288375	9.185543957
Taygeta	HR 1145	17531	19 Tau	Taygeta	Tau	2016-08-21	56.3020833	24.46727376
Tegmine	HR 3208	40167	ζ Cnc	Tegmine	Cnc	2016-09-12	120.203536	17.6477778
Tejat	HR 2286	30343	μ Gem	Tejat	Gem	2017-02-01	95.74011193	22.51358275
Telum	HR 7635	98337	γ Sge	Telum	Sge	2026-06-18	299.6892843	19.49214613
Tengshe	HR 8726	113288		Tengshe	Lac	2024-09-19	344.1083266	49.73354408
Tepennekhet	HR 8123	104858	δ Equ	Tepennekhet	Equ	2026-07-16	318.6200638	10.00697941
Tepiamenit	HR 5185	67275	τ Bootis	Tepiamenit	Boo	2026-04-15	206.8155757	17.45689154
Terebellum	HR 7597	98066	ω Sgr	Terebellum	Sgr	2017-09-05	298.959844	-26.29935925
Tevel	HAT-P-9			Tevel	Aur	2019-12-17	110.168568	37.140651
Theemin	HR 1464	21393	υ2 Eri	Theemin	Eri	2017-02-01	68.88765817	-30.56234204
Thuban	HR 5291	68756	α Dra	Thuban	Dra	2016-06-30	211.0973233	64.37586962
Tiaki	HR 8636	112122	β Gru	Tiaki	Gru	2017-09-05	340.6668761	-46.88457644
Tianbang	HR 6588	86414	ι Her	Tianbang	Her	2026-06-20	264.8661954	46.00633138
Tianbian	HR 6973	91117	α Sct	Tianbian	Sct	2026-06-18	278.8017798	-8.244070511
Tianfu	HR 7669	98823	τ Aql	Tianfu	Aql	2024-05-16	301.0346453	7.277964388
Tiangang	HR 8576	111188	β PsA	Tiangang	PsA	2026-09-17	337.8763772	-32.3460753
Tianguan	HR 1910	26451	ζ Tau	Tianguan	Tau	2017-06-30	84.41118926	21.14254411
Tianji	HR 6212	81693	ζ Her	Tianji	Her	2026-05-14	250.3215043	31.6027187
Tianjinnan	HR 8115	104732	ζ Cyg	Tianjinnan	Cyg	2026-07-16	318.2341083	30.22689868
Tiansi	HR 264	4427	γ Cas	Tiansi	Cas	2025-11-13	14.17721289	60.71674002
Tianyi	HR 4863	62423	7 Dra	Tianyi	Dra	2017-06-30	191.8930975	66.79030426
Tianyue	HR 6700	88116	4 Sgr	Tianyue	Sgr	2026-08-13	269.9481519	-23.81611471
Timir	HD 148427	80687		Timir	Oph	2019-12-17	247.117296	-13.399636
Tislit	WASP-161			Tislit	Pup	2019-12-17	126.337846	-11.500986
Titawin	HR 458	7513	υ And	Titawin	And	2015-12-15	24.19933977	41.40545871
Tojil	WASP-22			Tojil	Eri	2019-12-17	52.818029	-23.819678
Toliman	HR 5460	71681	α Cen	Toliman	Cen	2018-08-10	219.8960963	-60.83752757
Tonatiuh	HR 4609	58952		Tonatiuh	Cam	2016-07-20	180.087533	76.9057341
Tonglingxing	HR 2527	33694		Tonglingxing	Cam	2026-02-22	105.0168216	76.97740862
Torcular	HR 510	8198	ο Psc	Torcular	Psc	2017-09-05	26.3484384	9.157750733
Triminus	HR 642	10280	6 Tri	Triminus	Tri	2025-08-25	33.09283344	30.30306751
Tugongli	HR 8665	112447	ξ Peg	Tugongli	Peg	2026-08-13	341.6732494	12.17288579
Tuiren	HAT-P-36			Tuiren	CVn	2019-12-17	188.266276	44.915333
Tupã	HD 108147	60644		Tupa	Cru	2019-12-17	186.442779	-64.022088
Tupi	HD 23079	17096		Tupi	Ret	2019-12-17	54.929567	-52.915838
Tureis	HR 3185	39757	ρ Pup	Tureis	Pup	2016-09-12	121.8860368	-24.30432443
Tusizuo	HR 6895	90139	109 Her	Tusizuo	Her	2025-06-17	275.9245404	21.76975267
Udang	HR 8075	104139	θ Cap	Udang	Cap	2026-02-22	316.4867853	-17.23286284
Udkadua	HR 8961	116584	λ And	Udkadua	And	2025-05-08	354.3910116	46.45815131
Ukdah	HR 3845	47431	ι Hya	Ukdah	Hya	2018-06-01	144.9640061	-1.142810732
Uklun	HD 102117	57291		Uklun	Cen	2019-12-17	176.210254	-58.70371
Uñallamacha	HD 155985	84556		Unallamacha	Sco	2026-07-01	259.2730909	-44.77859556
Unukalhai	HR 5854	77070	α Ser	Unukalhai	Ser	2016-08-21	236.0669755	6.42563022
Uridim	HR 5469	71860	α Lup	Uridim	Lup	2024-09-12	220.4823158	-47.38819875
Urquchillay	HR 7057	91973	ζ2 Lyr	Urquchillay	Lyr	2026-06-18	281.2008299	37.5945996
Uruk	HD 231701	96078		Uruk	Sge	2019-12-17	293.017338	16.474289
Uúba	LTT 9779	117883		Uuba	Scl	2023-08-01		
Vega	HR 7001	91262	α Lyr	Vega	Lyr	2016-06-30	279.2347348	38.78368896
Veritate	HR 8930	116076	14 And	Veritate	And	2015-12-15	345.521504	39.2361985
Vindemiatrix	HR 4932	63608	ε Vir	Vindemiatrix	Vir	2016-07-20	195.5441542	10.95914872
Waiping	HR 224	3786	δ Psc	Waiping	Psc	2026-09-17	12.17060131	7.585081917
Wasat	HR 2777	35550	δ Gem	Wasat	Gem	2016-08-21	110.0307274	21.98230405
Wattle	WASP-19			Wattle	Vel	2023-08-01		
Wazn	HR 2040	27628	β Col	Wazn	Col	2016-07-20	87.73996785	-35.76830962
Wezen	HR 2693	34444	δ CMa	Wezen	CMa	2016-07-20	107.0978502	-26.39319958
Wouri	WASP-69			Wouri	Aqr	2023-08-01		
Wurren	HR 338	5348	ζ Phe	Wurren	Phe	2017-11-17	17.0961691	-55.24576
Xami	HR 5463	71908	α Cir	Xami	Cir	2024-12-12	220.6267527	-64.97513301
Xamidimura	HR 6247	82514	μ1 Sco	Xamidimura	Sco	2017-09-05	252.9676181	-38.04739946
Xihe	HD 173416	91852		Xihe	Lyr	2019-12-17	280.9004553	36.55660634
Xuange	HR 5351	69732	λ Boo	Xuange	Boo	2017-06-30	214.09591	46.08830429
Yaqana	HR 6115	80582	ε Nor	Yaqana	Nor	2026-06-18	246.7960067	-47.55479365
Yed Posterior	HR 6075	79882	ε Oph	Yed Posterior	Oph	2016-10-05	244.5803759	-4.692513153
Yed Prior	HR 6056	79593	δ Oph	Yed Prior	Oph	2016-11-06	243.5864126	-3.694325785
Yildun	HR 6789	85822	δ UMi	Yildun	UMi	2016-08-21	263.0541592	86.58645961
Yunü	HD 87837	49637	31 Leo	Yunu	Leo	2024-07-18	151.9761255	9.997506875
Yunyu	HR 8852	114971	γ Psc	Yunyu	Psc	2026-09-17	349.2914046	3.282290469
Yuyu	HR 3475	43103	ι Cnc	Yuyu	Cnc	2026-02-22	131.6742518	28.75989314
Zaniah	HR 4689	60129	η Vir	Zaniah	Vir	2016-09-12	184.9764267	-0.6667961981
Zaurak	HR 1231	18543	γ Eri	Zaurak	Eri	2016-07-20	59.50735759	-13.50851481
Zavijava	HR 4540	57757	β Vir	Zavijava	Vir	2016-08-21	177.6738271	1.76472265
Zembra	HATS-72			Zembra	Aqr	2023-08-01		
Zhang	HR 3903	48356	υ1 Hya	Zhang	Hya	2017-06-30	147.8694791	-14.84662871
Zhou	HR 5867	77233	β Ser	Zhou	Ser	2024-12-05	236.5468966	15.4218193
Zibal	HR 984	15197	ζ Eri	Zibal	Eri	2016-09-12	48.95844036	-8.819732384
Zibbatu	HR 7203	9353	112 Psc	Zibbatu	Psc	2026-09-17	285.7658552	-19.2456835
Zosma	HR 4357	54872	δ Leo	Zosma	Leo	2016-07-20	168.5270893	20.52371814
Zubenelgenubi	HR 5531	72622	α2 Lib	Zubenelgenubi	Lib	2016-08-21	222.7196379	-16.04177652
Zubenelhakrabi	HR 5787	76333	γ Lib	Zubenelhakrabi	Lib	2017-09-05	233.8815784	-14.78953551
Zubeneschamali	HR 5685	74785	β Lib	Zubeneschamali	Lib	2016-08-21	229.2517243	-9.38291441
Zuoqi	HR 7536	97365	δ Sge	Zuoqi	Sge	2026-06-18	296.84694	18.53431357
