logg	Teff	a	b
[cgs]	K		
--------------	------------	------------
1.75	15000	 3.45232e-01	 2.41402e-01
2.00	15000	 2.75251e-01	 2.81789e-01
2.25	15000	 2.35834e-01	 2.96835e-01
2.50	15000	 2.11684e-01	 3.00525e-01
2.75	15000	 1.96134e-01	 2.99012e-01
3.00	15000	 1.85735e-01	 2.95350e-01
3.25	15000	 1.78490e-01	 2.91173e-01
3.50	15000	 1.73160e-01	 2.87314e-01
3.75	15000	 1.69075e-01	 2.84076e-01
4.00	15000	 1.65706e-01	 2.81662e-01
4.25	15000	 1.62955e-01	 2.79897e-01
4.50	15000	 1.60661e-01	 2.78709e-01
4.75	15000	 1.58736e-01	 2.77977e-01
2.00	16000	 2.88525e-01	 2.73326e-01
2.25	16000	 2.38856e-01	 2.93498e-01
2.50	16000	 2.10037e-01	 2.98571e-01
2.75	16000	 1.92359e-01	 2.96790e-01
3.00	16000	 1.80953e-01	 2.92548e-01
3.25	16000	 1.73353e-01	 2.87391e-01
3.50	16000	 1.67971e-01	 2.82498e-01
3.75	16000	 1.63928e-01	 2.78336e-01
4.00	16000	 1.60683e-01	 2.75063e-01
4.25	16000	 1.58159e-01	 2.72740e-01
4.50	16000	 1.55393e-01	 2.71048e-01
4.75	16000	 1.53186e-01	 2.70021e-01
2.00	17000	 3.07558e-01	 2.63332e-01
2.25	17000	 2.44385e-01	 2.90790e-01
2.50	17000	 2.10041e-01	 2.96949e-01
2.75	17000	 1.89617e-01	 2.95022e-01
3.00	17000	 1.76950e-01	 2.89930e-01
3.25	17000	 1.68799e-01	 2.83961e-01
3.50	17000	 1.63234e-01	 2.78272e-01
3.75	17000	 1.59264e-01	 2.73319e-01
4.00	17000	 1.56143e-01	 2.69342e-01
4.25	17000	 1.53524e-01	 2.66325e-01
4.50	17000	 1.51178e-01	 2.64180e-01
4.75	17000	 1.49263e-01	 2.62486e-01
2.00	18000	 3.48114e-01	 2.41694e-01
2.25	18000	 2.51191e-01	 2.89943e-01
2.50	18000	 2.10603e-01	 2.97430e-01
2.75	18000	 1.87540e-01	 2.94358e-01
3.00	18000	 1.73559e-01	 2.87888e-01
3.25	18000	 1.64744e-01	 2.80798e-01
3.50	18000	 1.59660e-01	 2.73646e-01
3.75	18000	 1.54908e-01	 2.68608e-01
4.00	18000	 1.51888e-01	 2.64074e-01
4.25	18000	 1.49448e-01	 2.60574e-01
4.50	18000	 1.47259e-01	 2.58018e-01
4.75	18000	 1.45469e-01	 2.56013e-01
2.25	19000	 2.62084e-01	 2.87982e-01
2.50	19000	 2.10407e-01	 3.00809e-01
2.75	19000	 1.84908e-01	 2.96463e-01
3.00	19000	 1.70067e-01	 2.87754e-01
3.25	19000	 1.60888e-01	 2.78705e-01
3.50	19000	 1.54938e-01	 2.70672e-01
3.75	19000	 1.50877e-01	 2.64093e-01
4.00	19000	 1.47921e-01	 2.58955e-01
4.25	19000	 1.45564e-01	 2.55079e-01
4.50	19000	 1.43528e-01	 2.52255e-01
4.75	19000	 1.41675e-01	 2.50249e-01
2.25	20000	 2.92341e-01	 2.76546e-01
2.50	20000	 2.10550e-01	 3.05028e-01
2.75	20000	 1.80651e-01	 3.01464e-01
3.00	20000	 1.65374e-01	 2.90571e-01
3.25	20000	 1.56400e-01	 2.78951e-01
3.50	20000	 1.50733e-01	 2.68694e-01
3.75	20000	 1.46908e-01	 2.60476e-01
4.00	20000	 1.44130e-01	 2.54248e-01
4.25	20000	 1.41919e-01	 2.49756e-01
4.50	20000	 1.39995e-01	 2.46625e-01
4.75	20000	 1.38265e-01	 2.44476e-01
2.50	21000	 2.19029e-01	 3.05170e-01
2.75	21000	 1.75960e-01	 3.06958e-01
3.00	21000	 1.58811e-01	 2.95689e-01
3.25	21000	 1.50362e-01	 2.81840e-01
3.50	21000	 1.45503e-01	 2.69173e-01
3.75	21000	 1.42352e-01	 2.58819e-01
4.00	21000	 1.40076e-01	 2.50896e-01
4.25	21000	 1.38239e-01	 2.45234e-01
4.50	21000	 1.36578e-01	 2.41386e-01
4.75	21000	 1.34992e-01	 2.38923e-01
2.50	22000	 2.40065e-01	 2.99408e-01
2.75	22000	 1.76689e-01	 3.09382e-01
3.00	22000	 1.52269e-01	 3.00212e-01
3.25	22000	 1.42720e-01	 2.86097e-01
3.50	22000	 1.38612e-01	 2.71756e-01
3.75	22000	 1.36502e-01	 2.59384e-01
4.00	22000	 1.35115e-01	 2.49643e-01
4.25	22000	 1.33872e-01	 2.42368e-01
4.50	22000	 1.32609e-01	 2.37335e-01
4.75	22000	 1.31614e-01	 2.34159e-01
2.50	23000	 2.68513e-01	 2.87001e-01
2.75	23000	 1.85008e-01	 3.10005e-01
3.00	23000	 1.50235e-01	 3.02253e-01
3.25	23000	 1.35972e-01	 2.88789e-01
3.50	23000	 1.30804e-01	 2.74536e-01
3.75	23000	 1.29238e-01	 2.61292e-01
4.00	23000	 1.28834e-01	 2.50151e-01
4.25	23000	 1.28616e-01	 2.41491e-01
4.50	23000	 1.28260e-01	 2.35173e-01
4.75	23000	 1.27671e-01	 2.30868e-01
2.50	24000	 3.06045e-01	 2.67662e-01
2.75	24000	 1.96913e-01	 3.09522e-01
3.00	24000	 1.53258e-01	 3.04023e-01
3.25	24000	 1.33247e-01	 2.89769e-01
3.50	24000	 1.24738e-01	 2.75328e-01
3.75	24000	 1.21943e-01	 2.62329e-01
4.00	24000	 1.21641e-01	 2.51016e-01
4.25	24000	 1.22121e-01	 2.41668e-01
4.50	24000	 1.22801e-01	 2.34239e-01
4.75	24000	 1.22758e-01	 2.29173e-01
2.75	25000	 2.09502e-01	 3.09006e-01
3.00	25000	 1.58164e-01	 3.06309e-01
3.25	25000	 1.33917e-01	 2.91320e-01
3.50	25000	 1.22112e-01	 2.75346e-01
3.75	25000	 1.16922e-01	 2.61595e-01
4.00	25000	 1.15298e-01	 2.50385e-01
4.25	25000	 1.15434e-01	 2.41262e-01
4.50	25000	 1.16179e-01	 2.33933e-01
4.75	25000	 1.16954e-01	 2.28285e-01
2.75	26000	 2.23473e-01	 3.08755e-01
3.00	26000	 1.62590e-01	 3.09610e-01
3.25	26000	 1.35603e-01	 2.93759e-01
3.50	26000	 1.21724e-01	 2.76300e-01
3.75	26000	 1.14602e-01	 2.60889e-01
4.00	26000	 1.11269e-01	 2.48600e-01
4.25	26000	 1.10213e-01	 2.39276e-01
4.50	26000	 1.10271e-01	 2.32195e-01
4.75	26000	 1.10981e-01	 2.26817e-01
2.75	27000	 2.46188e-01	 3.04043e-01
3.00	27000	 1.65251e-01	 3.15330e-01
3.25	27000	 1.36502e-01	 2.97193e-01
3.50	27000	 1.21764e-01	 2.78094e-01
3.75	27000	 1.13697e-01	 2.61181e-01
4.00	27000	 1.09312e-01	 2.47392e-01
4.25	27000	 1.07089e-01	 2.36906e-01
4.50	27000	 1.06191e-01	 2.29332e-01
4.75	27000	 1.06106e-01	 2.23994e-01
2.75	28000	 2.86177e-01	 2.85943e-01
3.00	28000	 1.66486e-01	 3.23491e-01
3.25	28000	 1.35512e-01	 3.02759e-01
3.50	28000	 1.21022e-01	 2.80642e-01
3.75	28000	 1.12903e-01	 2.62060e-01
4.00	28000	 1.08140e-01	 2.46995e-01
4.25	28000	 1.05344e-01	 2.35288e-01
4.50	28000	 1.03724e-01	 2.26669e-01
4.75	28000	 1.02873e-01	 2.20666e-01
3.00	29000	 1.69648e-01	 3.31326e-01
3.25	29000	 1.31917e-01	 3.11387e-01
3.50	29000	 1.18561e-01	 2.84895e-01
3.75	29000	 1.11293e-01	 2.63486e-01
4.00	29000	 1.06860e-01	 2.46913e-01
4.25	29000	 1.03985e-01	 2.34198e-01
4.50	29000	 1.02106e-01	 2.24654e-01
4.75	29000	 1.00831e-01	 2.17804e-01
3.00	30000	 1.80369e-01	 3.33732e-01
3.25	30000	 1.26028e-01	 3.22519e-01
3.50	30000	 1.13714e-01	 2.91802e-01
3.75	30000	 1.08228e-01	 2.66345e-01
4.00	30000	 1.04801e-01	 2.47275e-01
4.25	30000	 1.02377e-01	 2.33186e-01
4.50	30000	 1.00578e-01	 2.22812e-01
4.75	30000	 9.91948e-02	 2.15286e-01
