dp_id,dp_cat,dp_tech,dp_type,object,filter_path,det_dit,det_ndit,exposure,exp_start,tpl_start,tpl_id,prog_id,release_date,instrument
NACO.2007-11-11T02:38:36.826,ACQUISITION,IMAGE,SKY,CERES,KS,2.0,1,2.0,2007-11-11T02:38:36.827Z,2007-11-11T02:34:28,NACO_img_acq_MoveToPixel,080.C-0881(C),2008-11-11T02:38:36.827Z,NAOS+CONICA
NACO.2007-11-11T02:39:14.592,SCIENCE,"IMAGE,JITTER",OBJECT,CERES,KS,2.0,5,10.0,2007-11-11T02:39:14.590Z,2007-11-11T02:38:47,NACO_img_obs_GenericOffset,080.C-0881(C),2008-11-11T02:39:14.593Z,NAOS+CONICA
NACO.2007-11-11T02:39:28.400,SCIENCE,"IMAGE,JITTER",OBJECT,CERES,KS,2.0,5,10.0,2007-11-11T02:39:28.400Z,2007-11-11T02:38:47,NACO_img_obs_GenericOffset,080.C-0881(C),2008-11-11T02:39:28.400Z,NAOS+CONICA
NACO.2007-11-11T02:39:46.076,SCIENCE,"IMAGE,JITTER",OBJECT,CERES,KS,2.0,5,10.0,2007-11-11T02:39:46.757Z,2007-11-11T02:38:47,NACO_img_obs_GenericOffset,080.C-0881(C),2008-11-11T02:39:46.077Z,NAOS+CONICA
NACO.2007-11-11T02:40:00.096,SCIENCE,"IMAGE,JITTER",OBJECT,CERES,KS,2.0,5,10.0,2007-11-11T02:40:00.957Z,2007-11-11T02:38:47,NACO_img_obs_GenericOffset,080.C-0881(C),2008-11-11T02:40:00.097Z,NAOS+CONICA
NACO.2007-11-11T02:40:15.647,SCIENCE,"IMAGE,JITTER",OBJECT,CERES,KS,2.0,5,10.0,2007-11-11T02:40:15.647Z,2007-11-11T02:38:47,NACO_img_obs_GenericOffset,080.C-0881(C),2008-11-11T02:40:15.647Z,NAOS+CONICA
NACO.2007-11-11T02:40:45.991,SCIENCE,"IMAGE,JITTER",OBJECT,CERES,KS,2.0,5,10.0,2007-11-11T02:40:45.990Z,2007-11-11T02:38:47,NACO_img_obs_GenericOffset,080.C-0881(C),2008-11-11T02:40:45.990Z,NAOS+CONICA
NACO.2007-11-11T02:40:59.963,SCIENCE,"IMAGE,JITTER",OBJECT,CERES,KS,2.0,5,10.0,2007-11-11T02:40:59.963Z,2007-11-11T02:38:47,NACO_img_obs_GenericOffset,080.C-0881(C),2008-11-11T02:40:59.963Z,NAOS+CONICA
NACO.2007-11-11T02:41:15.626,SCIENCE,"IMAGE,JITTER",OBJECT,CERES,KS,2.0,5,10.0,2007-11-11T02:41:15.627Z,2007-11-11T02:38:47,NACO_img_obs_GenericOffset,080.C-0881(C),2008-11-11T02:41:15.627Z,NAOS+CONICA
NACO.2007-11-11T02:41:29.750,SCIENCE,"IMAGE,JITTER",OBJECT,CERES,KS,2.0,5,10.0,2007-11-11T02:41:29.750Z,2007-11-11T02:38:47,NACO_img_obs_GenericOffset,080.C-0881(C),2008-11-11T02:41:29.750Z,NAOS+CONICA
NACO.2007-11-11T02:41:46.086,SCIENCE,"IMAGE,JITTER",OBJECT,CERES,KS,2.0,5,10.0,2007-11-11T02:41:46.860Z,2007-11-11T02:38:47,NACO_img_obs_GenericOffset,080.C-0881(C),2008-11-11T02:41:46.087Z,NAOS+CONICA
NACO.2007-11-11T02:42:24.422,SCIENCE,"IMAGE,JITTER",OBJECT,CERES,KS,2.0,5,10.0,2007-11-11T02:42:24.420Z,2007-11-11T02:38:47,NACO_img_obs_GenericOffset,080.C-0881(C),2008-11-11T02:42:24.423Z,NAOS+CONICA
NACO.2007-11-11T02:42:38.390,SCIENCE,"IMAGE,JITTER",OBJECT,CERES,KS,2.0,5,10.0,2007-11-11T02:42:38.390Z,2007-11-11T02:38:47,NACO_img_obs_GenericOffset,080.C-0881(C),2008-11-11T02:42:38.390Z,NAOS+CONICA
NACO.2007-11-11T02:42:55.585,SCIENCE,"IMAGE,JITTER",OBJECT,CERES,KS,2.0,5,10.0,2007-11-11T02:42:55.587Z,2007-11-11T02:38:47,NACO_img_obs_GenericOffset,080.C-0881(C),2008-11-11T02:42:55.587Z,NAOS+CONICA
NACO.2007-11-11T02:43:09.470,SCIENCE,"IMAGE,JITTER",OBJECT,CERES,KS,2.0,5,10.0,2007-11-11T02:43:09.470Z,2007-11-11T02:38:47,NACO_img_obs_GenericOffset,080.C-0881(C),2008-11-11T02:43:09.470Z,NAOS+CONICA
NACO.2007-11-11T02:43:25.602,SCIENCE,"IMAGE,JITTER",OBJECT,CERES,KS,2.0,5,10.0,2007-11-11T02:43:25.600Z,2007-11-11T02:38:47,NACO_img_obs_GenericOffset,080.C-0881(C),2008-11-11T02:43:25.603Z,NAOS+CONICA
NACO.2007-11-11T02:43:55.651,SCIENCE,"IMAGE,JITTER",OBJECT,CERES,KS,2.0,5,10.0,2007-11-11T02:43:55.650Z,2007-11-11T02:38:47,NACO_img_obs_GenericOffset,080.C-0881(C),2008-11-11T02:43:55.650Z,NAOS+CONICA
NACO.2007-11-11T02:44:09.829,SCIENCE,"IMAGE,JITTER",OBJECT,CERES,KS,2.0,5,10.0,2007-11-11T02:44:09.827Z,2007-11-11T02:38:47,NACO_img_obs_GenericOffset,080.C-0881(C),2008-11-11T02:44:09.830Z,NAOS+CONICA
NACO.2007-11-11T02:44:25.586,SCIENCE,"IMAGE,JITTER",OBJECT,CERES,KS,2.0,5,10.0,2007-11-11T02:44:25.587Z,2007-11-11T02:38:47,NACO_img_obs_GenericOffset,080.C-0881(C),2008-11-11T02:44:25.587Z,NAOS+CONICA
NACO.2007-11-11T02:44:39.803,SCIENCE,"IMAGE,JITTER",OBJECT,CERES,KS,2.0,5,10.0,2007-11-11T02:44:39.803Z,2007-11-11T02:38:47,NACO_img_obs_GenericOffset,080.C-0881(C),2008-11-11T02:44:39.803Z,NAOS+CONICA
NACO.2007-11-11T02:44:55.596,SCIENCE,"IMAGE,JITTER",OBJECT,CERES,KS,2.0,5,10.0,2007-11-11T02:44:55.597Z,2007-11-11T02:38:47,NACO_img_obs_GenericOffset,080.C-0881(C),2008-11-11T02:44:55.597Z,NAOS+CONICA
NACO.2007-11-11T02:46:07.898,SCIENCE,"IMAGE,JITTER",OBJECT,CERES,KS,2.0,5,10.0,2007-11-11T02:46:07.897Z,2007-11-11T02:45:32,NACO_img_obs_GenericOffset,080.C-0881(C),2008-11-11T02:46:07.897Z,NAOS+CONICA
NACO.2007-11-11T02:46:22.136,SCIENCE,"IMAGE,JITTER",OBJECT,CERES,KS,2.0,5,10.0,2007-11-11T02:46:22.137Z,2007-11-11T02:45:32,NACO_img_obs_GenericOffset,080.C-0881(C),2008-11-11T02:46:22.137Z,NAOS+CONICA
NACO.2007-11-11T02:46:36.134,SCIENCE,"IMAGE,JITTER",OBJECT,CERES,KS,2.0,5,10.0,2007-11-11T02:46:36.133Z,2007-11-11T02:45:32,NACO_img_obs_GenericOffset,080.C-0881(C),2008-11-11T02:46:36.133Z,NAOS+CONICA
NACO.2007-11-11T02:46:50.311,SCIENCE,"IMAGE,JITTER",OBJECT,CERES,KS,2.0,5,10.0,2007-11-11T02:46:50.310Z,2007-11-11T02:45:32,NACO_img_obs_GenericOffset,080.C-0881(C),2008-11-11T02:46:50.310Z,NAOS+CONICA
NACO.2007-11-11T02:47:04.227,SCIENCE,"IMAGE,JITTER",OBJECT,CERES,KS,2.0,5,10.0,2007-11-11T02:47:04.227Z,2007-11-11T02:45:32,NACO_img_obs_GenericOffset,080.C-0881(C),2008-11-11T02:47:04.227Z,NAOS+CONICA
NACO.2007-11-11T02:47:34.304,SCIENCE,"IMAGE,JITTER",OBJECT,CERES,KS,2.0,5,10.0,2007-11-11T02:47:34.303Z,2007-11-11T02:45:32,NACO_img_obs_GenericOffset,080.C-0881(C),2008-11-11T02:47:34.303Z,NAOS+CONICA
NACO.2007-11-11T02:47:48.501,SCIENCE,"IMAGE,JITTER",OBJECT,CERES,KS,2.0,5,10.0,2007-11-11T02:47:48.500Z,2007-11-11T02:45:32,NACO_img_obs_GenericOffset,080.C-0881(C),2008-11-11T02:47:48.500Z,NAOS+CONICA
NACO.2007-11-11T02:48:05.691,SCIENCE,"IMAGE,JITTER",OBJECT,CERES,KS,2.0,5,10.0,2007-11-11T02:48:05.690Z,2007-11-11T02:45:32,NACO_img_obs_GenericOffset,080.C-0881(C),2008-11-11T02:48:05.690Z,NAOS+CONICA
NACO.2007-11-11T02:48:20.069,SCIENCE,"IMAGE,JITTER",OBJECT,CERES,KS,2.0,5,10.0,2007-11-11T02:48:20.693Z,2007-11-11T02:45:32,NACO_img_obs_GenericOffset,080.C-0881(C),2008-11-11T02:48:20.070Z,NAOS+CONICA
NACO.2007-11-11T02:48:35.614,SCIENCE,"IMAGE,JITTER",OBJECT,CERES,KS,2.0,5,10.0,2007-11-11T02:48:35.613Z,2007-11-11T02:45:32,NACO_img_obs_GenericOffset,080.C-0881(C),2008-11-11T02:48:35.613Z,NAOS+CONICA
NACO.2007-11-11T02:49:05.149,SCIENCE,"IMAGE,JITTER",OBJECT,CERES,KS,2.0,5,10.0,2007-11-11T02:49:05.150Z,2007-11-11T02:45:32,NACO_img_obs_GenericOffset,080.C-0881(C),2008-11-11T02:49:05.150Z,NAOS+CONICA
NACO.2007-11-11T02:49:19.047,SCIENCE,"IMAGE,JITTER",OBJECT,CERES,KS,2.0,5,10.0,2007-11-11T02:49:19.467Z,2007-11-11T02:45:32,NACO_img_obs_GenericOffset,080.C-0881(C),2008-11-11T02:49:19.047Z,NAOS+CONICA
NACO.2007-11-11T02:49:35.558,SCIENCE,"IMAGE,JITTER",OBJECT,CERES,KS,2.0,5,10.0,2007-11-11T02:49:35.557Z,2007-11-11T02:45:32,NACO_img_obs_GenericOffset,080.C-0881(C),2008-11-11T02:49:35.557Z,NAOS+CONICA
NACO.2007-11-11T02:49:49.853,SCIENCE,"IMAGE,JITTER",OBJECT,CERES,KS,2.0,5,10.0,2007-11-11T02:49:49.853Z,2007-11-11T02:45:32,NACO_img_obs_GenericOffset,080.C-0881(C),2008-11-11T02:49:49.853Z,NAOS+CONICA
NACO.2007-11-11T02:50:05.653,SCIENCE,"IMAGE,JITTER",OBJECT,CERES,KS,2.0,5,10.0,2007-11-11T02:50:05.653Z,2007-11-11T02:45:32,NACO_img_obs_GenericOffset,080.C-0881(C),2008-11-11T02:50:05.653Z,NAOS+CONICA
NACO.2007-11-11T02:50:35.353,SCIENCE,"IMAGE,JITTER",OBJECT,CERES,KS,2.0,5,10.0,2007-11-11T02:50:35.353Z,2007-11-11T02:45:32,NACO_img_obs_GenericOffset,080.C-0881(C),2008-11-11T02:50:35.353Z,NAOS+CONICA
NACO.2007-11-11T02:50:49.502,SCIENCE,"IMAGE,JITTER",OBJECT,CERES,KS,2.0,5,10.0,2007-11-11T02:50:49.503Z,2007-11-11T02:45:32,NACO_img_obs_GenericOffset,080.C-0881(C),2008-11-11T02:50:49.503Z,NAOS+CONICA
NACO.2007-11-11T02:51:05.593,SCIENCE,"IMAGE,JITTER",OBJECT,CERES,KS,2.0,5,10.0,2007-11-11T02:51:05.593Z,2007-11-11T02:45:32,NACO_img_obs_GenericOffset,080.C-0881(C),2008-11-11T02:51:05.593Z,NAOS+CONICA
NACO.2007-11-11T02:51:19.614,SCIENCE,"IMAGE,JITTER",OBJECT,CERES,KS,2.0,5,10.0,2007-11-11T02:51:19.613Z,2007-11-11T02:45:32,NACO_img_obs_GenericOffset,080.C-0881(C),2008-11-11T02:51:19.613Z,NAOS+CONICA
NACO.2007-11-11T02:51:35.604,SCIENCE,"IMAGE,JITTER",OBJECT,CERES,KS,2.0,5,10.0,2007-11-11T02:51:35.603Z,2007-11-11T02:45:32,NACO_img_obs_GenericOffset,080.C-0881(C),2008-11-11T02:51:35.603Z,NAOS+CONICA
NACO.2007-11-11T02:53:36.111,SCIENCE,"IMAGE,JITTER",SKY,CERES,KS,2.0,5,10.0,2007-11-11T02:53:36.110Z,2007-11-11T02:53:07,NACO_img_obs_GenericOffset,080.C-0881(C),2008-11-11T02:53:36.110Z,NAOS+CONICA
NACO.2007-11-11T02:53:55.554,SCIENCE,"IMAGE,JITTER",SKY,CERES,KS,2.0,5,10.0,2007-11-11T02:53:55.553Z,2007-11-11T02:53:07,NACO_img_obs_GenericOffset,080.C-0881(C),2008-11-11T02:53:55.553Z,NAOS+CONICA
NACO.2007-11-11T02:54:09.689,SCIENCE,"IMAGE,JITTER",SKY,CERES,KS,2.0,5,10.0,2007-11-11T02:54:09.687Z,2007-11-11T02:53:07,NACO_img_obs_GenericOffset,080.C-0881(C),2008-11-11T02:54:09.690Z,NAOS+CONICA
NACO.2007-11-11T02:54:34.203,SCIENCE,"IMAGE,JITTER",SKY,CERES,KS,2.0,5,10.0,2007-11-11T02:54:34.203Z,2007-11-11T02:53:07,NACO_img_obs_GenericOffset,080.C-0881(C),2008-11-11T02:54:34.203Z,NAOS+CONICA
NACO.2007-11-11T02:54:55.530,SCIENCE,"IMAGE,JITTER",SKY,CERES,KS,2.0,5,10.0,2007-11-11T02:54:55.530Z,2007-11-11T02:53:07,NACO_img_obs_GenericOffset,080.C-0881(C),2008-11-11T02:54:55.530Z,NAOS+CONICA
NACO.2007-11-11T02:55:09.831,SCIENCE,"IMAGE,JITTER",SKY,CERES,KS,2.0,5,10.0,2007-11-11T02:55:09.830Z,2007-11-11T02:53:07,NACO_img_obs_GenericOffset,080.C-0881(C),2008-11-11T02:55:09.830Z,NAOS+CONICA
NACO.2007-11-11T02:55:34.202,SCIENCE,"IMAGE,JITTER",SKY,CERES,KS,2.0,5,10.0,2007-11-11T02:55:34.203Z,2007-11-11T02:53:07,NACO_img_obs_GenericOffset,080.C-0881(C),2008-11-11T02:55:34.203Z,NAOS+CONICA
NACO.2007-11-11T02:55:55.546,SCIENCE,"IMAGE,JITTER",SKY,CERES,KS,2.0,5,10.0,2007-11-11T02:55:55.547Z,2007-11-11T02:53:07,NACO_img_obs_GenericOffset,080.C-0881(C),2008-11-11T02:55:55.547Z,NAOS+CONICA
NACO.2007-11-11T02:56:09.591,SCIENCE,"IMAGE,JITTER",SKY,CERES,KS,2.0,5,10.0,2007-11-11T02:56:09.590Z,2007-11-11T02:53:07,NACO_img_obs_GenericOffset,080.C-0881(C),2008-11-11T02:56:09.590Z,NAOS+CONICA
