lambda	m(HR2326)
nm	mag
---	------
320	 0.858
321	 0.847
322	 0.882
323	 0.980
324	 0.858
325	 0.910
326	 0.775
327	 0.833
328	 0.902
329	 0.804
330	 0.795
331	 0.849
332	 0.833
333	 0.847
334	 0.906
335	 0.856
336	 0.758
337	 0.924
338	 0.871
339	 0.875
340	 0.803
341	 0.822
342	 0.803
343	 0.766
344	 0.870
345	 0.784
346	 0.853
347	 0.828
348	 0.845
349	 0.876
350	 0.839
351	 0.832
352	 0.799
353	 0.789
354	 0.742
355	 0.752
356	 0.775
357	 0.828
358	 0.820
359	 0.824
360	 0.779
361	 0.804
362	 0.748
363	 0.770
364	 0.755
365	 0.735
366	 0.708
367	 0.672
368	 0.652
369	 0.460
370	 0.372
371	 0.270
372	 0.154
373	 0.123
374	-0.101
375	 0.153
376	-0.244
377	 0.114
378	-0.501
379	-0.359
380	-0.051
381	-0.569
382	-0.584
383	-0.116
384	-0.180
385	-0.667
386	-0.705
387	-0.750
388	-0.534
389	-0.025
390	-0.561
391	-0.711
392	-0.689
393	 0.039
394	-0.497
395	-0.650
396	-0.436
397	 0.387
398	-0.557
399	-0.729
400	-0.702
401	-0.743
402	-0.758
403	-0.704
404	-0.766
405	-0.722
406	-0.740
407	-0.719
408	-0.677
409	-0.628
410	-0.031
411	-0.513
412	-0.685
413	-0.647
414	-0.743
415	-0.712
416	-0.680
417	-0.659
418	-0.600
419	-0.656
420	-0.619
421	-0.646
422	-0.631
423	-0.583
424	-0.599
425	-0.566
426	-0.586
427	-0.577
428	-0.594
429	-0.533
430	-0.478
431	-0.533
432	-0.551
433	-0.458
434	 0.142
435	-0.365
436	-0.570
437	-0.548
438	-0.549
439	-0.512
440	-0.498
441	-0.524
442	-0.483
443	-0.550
444	-0.509
445	-0.517
446	-0.487
447	-0.471
448	-0.477
449	-0.479
450	-0.516
451	-0.528
452	-0.469
453	-0.455
454	-0.491
455	-0.425
456	-0.441
457	-0.476
458	-0.425
459	-0.424
460	-0.472
461	-0.490
462	-0.444
463	-0.446
464	-0.456
465	-0.456
466	-0.429
467	-0.392
468	-0.450
469	-0.449
470	-0.418
471	-0.410
472	-0.426
473	-0.402
474	-0.403
475	-0.404
476	-0.363
477	-0.366
478	-0.379
479	-0.374
480	-0.363
481	-0.348
482	-0.355
483	-0.326
484	-0.314
485	-0.187
486	 0.344
487	-0.072
488	-0.232
489	-0.263
490	-0.298
491	-0.296
492	-0.249
493	-0.276
494	-0.282
495	-0.296
496	-0.280
497	-0.282
498	-0.252
499	-0.252
500	-0.238
501	-0.213
502	-0.176
503	-0.232
504	-0.209
505	-0.232
506	-0.248
507	-0.223
508	-0.219
509	-0.235
510	-0.209
511	-0.227
512	-0.214
513	-0.175
514	-0.178
515	-0.173
516	-0.177
517	-0.059
518	-0.156
519	-0.093
520	-0.110
521	-0.104
522	-0.142
523	-0.070
524	-0.118
525	-0.135
526	-0.117
527	-0.059
528	-0.087
529	-0.161
530	-0.138
531	-0.113
532	-0.097
533	-0.080
534	-0.071
535	-0.108
536	-0.096
537	-0.059
538	-0.060
539	-0.073
540	-0.030
541	-0.019
542	-0.030
543	-0.016
544	-0.057
545	-0.041
546	-0.044
547	-0.049
548	-0.015
549	-0.036
550	-0.016
551	-0.007
552	-0.031
553	 0.021
554	-0.003
555	 0.000
556	-0.001
557	 0.018
558	 0.010
559	 0.040
560	 0.033
561	 0.010
562	 0.034
563	 0.028
564	 0.043
565	 0.033
566	 0.078
567	 0.056
568	 0.063
569	 0.064
570	 0.054
571	 0.073
572	 0.062
573	 0.068
574	 0.064
575	 0.082
576	 0.083
577	 0.084
578	 0.094
579	 0.105
580	 0.102
581	 0.112
582	 0.118
583	 0.118
584	 0.126
585	 0.140
586	 0.154
587	 0.147
588	 0.155
589	 0.218
590	 0.205
591	 0.172
592	 0.177
593	 0.178
594	 0.175
595	 0.189
596	 0.184
597	 0.180
598	 0.189
599	 0.201
600	 0.189
601	 0.207
602	 0.210
603	 0.206
604	 0.212
605	 0.226
606	 0.220
607	 0.232
608	 0.247
609	 0.241
610	 0.251
611	 0.246
612	 0.261
613	 0.265
614	 0.291
615	 0.294
616	 0.304
617	 0.273
618	 0.279
619	 0.279
620	 0.282
621	 0.282
622	 0.297
623	 0.304
624	 0.332
625	 0.346
626	 0.309
627	 0.316
628	 0.367
629	 0.339
630	 0.346
631	 0.338
632	 0.349
633	 0.337
634	 0.342
635	 0.373
636	 0.343
637	 0.382
638	 0.346
639	 0.359
640	 0.368
641	 0.377
642	 0.390
643	 0.385
644	 0.395
645	 0.397
646	 0.441
647	 0.409
648	 0.425
649	 0.441
650	 0.447
651	 0.432
652	 0.456
653	 0.445
654	 0.464
655	 0.535
656	 0.897
657	 0.683
658	 0.508
659	 0.489
660	 0.475
661	 0.472
662	 0.465
663	 0.467
664	 0.469
665	 0.473
666	 0.475
667	 0.478
668	 0.491
669	 0.482
670	 0.487
671	 0.488
672	 0.498
673	 0.494
674	 0.500
675	 0.512
676	 0.517
677	 0.517
678	 0.515
679	 0.523
680	 0.539
681	 0.533
682	 0.544
683	 0.550
684	 0.553
685	 0.555
686	 0.561
687	 0.890
688	 0.677
689	 0.700
690	 0.679
691	 0.644
692	 0.623
693	 0.621
694	 0.633
695	 0.629
696	 0.626
697	 0.603
698	 0.617
699	 0.635
700	 0.645
701	 0.633
702	 0.635
703	 0.634
704	 0.638
705	 0.637
706	 0.631
707	 0.631
708	 0.636
709	 0.644
710	 0.650
711	 0.667
712	 0.687
713	 0.664
714	 0.668
715	 0.683
716	 0.682
717	 0.778
718	 0.805
719	 0.864
720	 0.837
721	 0.762
722	 0.730
723	 0.763
724	 0.815
725	 0.808
726	 0.778
727	 0.770
728	 0.800
729	 0.821
730	 0.783
731	 0.804
732	 0.778
733	 0.760
734	 0.735
735	 0.751
736	 0.762
737	 0.762
738	 0.758
739	 0.782
740	 0.770
741	 0.794
742	 0.796
743	 0.792
744	 0.798
745	 0.812
746	 0.807
747	 0.821
748	 0.813
749	 0.806
750	 0.811
751	 0.823
752	 0.822
753	 0.822
754	 0.820
755	 0.816
756	 0.818
757	 0.827
758	 0.828
759	 0.861
760	 1.884
761	 2.133
762	 1.183
763	 1.549
764	 1.423
765	 1.206
766	 1.075
767	 0.983
768	 0.920
769	 0.896
770	 0.899
771	 0.898
772	 0.885
773	 0.891
774	 0.899
775	 0.900
776	 0.904
777	 0.939
778	 1.002
779	 0.927
780	 0.934
781	 0.936
782	 0.939
783	 0.948
784	 0.956
785	 0.968
786	 0.962
787	 0.972
788	 0.991
789	 0.971
790	 1.008
791	 0.978
792	 0.993
793	 0.994
794	 0.981
795	 1.000
796	 0.991
797	 0.991
798	 0.989
799	 0.998
800	 1.014
801	 1.013
802	 1.019
803	 1.023
804	 1.024
805	 1.029
806	 1.022
807	 1.013
808	 1.014
809	 1.025
810	 1.027
811	 1.026
812	 1.042
813	 1.059
814	 1.103
815	 1.137
816	 1.152
817	 1.198
818	 1.201
819	 1.199
820	 1.210
821	 1.083
822	 1.154
823	 1.364
824	 1.152
825	 1.154
826	 1.175
827	 1.112
828	 1.216
829	 1.199
830	 1.177
831	 1.179
832	 1.187
833	 1.160
834	 1.226
835	 1.162
836	 1.160
837	 1.103
838	 1.178
839	 1.109
840	 1.145
841	 1.081
842	 1.177
843	 1.037
844	 1.223
845	 1.167
846	 1.045
847	 1.297
848	 1.107
849	 1.084
850	 1.336
851	 1.326
852	 1.150
853	 1.132
854	 1.244
855	 1.672
856	 1.198
857	 1.139
858	 1.122
859	 1.164
860	 1.383
861	 1.216
862	 1.080
863	 1.031
864	 1.005
865	 1.014
866	 1.099
867	 1.609
868	 1.125
869	 1.152
870	 1.122
871	
872	
873	
874	
875	
876	
877	
878	
879	
880	
